,LOCATION_NAME,LATITUDE,LONGITUDE,RAW_VISIT_COUNTS,SIM_VISIT_COUNTS_1,SIM_VISIT_COUNTS_2,NORM_VISIT_0,NORM_VISIT_1,NORM_VISIT_2
0,&pizza,42.373559,-71.119619,106.0,2.0,4.0,0.0016798998399340718,0.0004428697962798937,0.0008345503859795535
10,1369 Coffee House,42.366566,-71.10529,106.0,9.0,2.0,0.0016798998399340718,0.001992914083259522,0.00041727519298977677
11,1369 Coffee House,42.373814,-71.100377,106.0,15.0,6.0,0.0016798998399340718,0.003321523472099203,0.0012518255789693302
21,2nd Street Cafe,42.36853,-71.079323,106.0,4.0,1.0,0.0016798998399340718,0.0008857395925597874,0.00020863759649488838
29,5 Spices House Cambridge,42.364343,-71.102333,106.0,1.0,1.0,0.0016798998399340718,0.00022143489813994686,0.00020863759649488838
38,730 Tavern Kitchen & Patio,42.365967,-71.105213,106.0,3.0,2.0,0.0016798998399340718,0.0006643046944198405,0.00041727519298977677
43,9Zaab,42.371948,-71.085774,88.0,2.0,1.0,0.0013946338293792295,0.0004428697962798937,0.00020863759649488838
60,ABC Pizza House,42.366069,-71.105366,106.0,5.0,3.0,0.0016798998399340718,0.0011071744906997344,0.0006259127894846651
63,ABG Commercial,42.371467,-71.08112,27.0,4.0,2.0,0.0004278990158322636,0.0008857395925597874,0.00041727519298977677
266,Adt,42.365643,-71.105493,106.0,7.0,15.0,0.0016798998399340718,0.001550044286979628,0.0031295639474233257
267,Advance Tire Company Inc,42.365965,-71.09177,106.0,3.0,73.0,0.0016798998399340718,0.0006643046944198405,0.015230544544126852
277,Ahearn Field,42.368554,-71.087952,106.0,4.0,10.0,0.0016798998399340718,0.0008857395925597874,0.002086375964948884
279,Ahern Field,42.36864,-71.08649,106.0,5.0,10.0,0.0016798998399340718,0.0011071744906997344,0.002086375964948884
292,Al Hoda Market,42.372744,-71.098472,26.0,3.0,11.0,0.0004120509041347723,0.0006643046944198405,0.0022950135614437724
295,Al's Tech Square Cafe,42.363148,-71.093133,106.0,14.0,7.0,0.0016798998399340718,0.003100088573959256,0.0014604631754642186
301,Albert's Market,42.371765,-71.087074,106.0,1.0,11.0,0.0016798998399340718,0.00022143489813994686,0.0022950135614437724
305,Alden & Harlow,42.373506,-71.121447,106.0,2.0,1.0,0.0016798998399340718,0.0004428697962798937,0.00020863759649488838
327,Alice Heller Dance,42.386167,-71.137352,35.0,5.0,5.0,0.0005546839094121935,0.0011071744906997344,0.001043187982474442
329,Alive & Kicking Lobsters,42.362536,-71.113988,86.0,3.0,2.0,0.001362937605984247,0.0006643046944198405,0.00041727519298977677
332,All Star Pizza Bar,42.373252,-71.098086,106.0,1.0,6.0,0.0016798998399340718,0.00022143489813994686,0.0012518255789693302
333,All Star Sandwich Bar,42.373506,-71.098188,106.0,5.0,1.0,0.0016798998399340718,0.0011071744906997344,0.00020863759649488838
381,Amelias Trattoria,42.365031,-71.092656,106.0,1.0,3.0,0.0016798998399340718,0.00022143489813994686,0.0006259127894846651
386,American Eagle Store Cambridgeside Galleria,42.368089,-71.075734,4.0,1.0,1.0,6.339244678996498e-05,0.00022143489813994686,0.00020863759649488838
388,American Jiann Shyong Kung Fu Center,42.371385,-71.080086,106.0,3.0,3.0,0.0016798998399340718,0.0006643046944198405,0.0006259127894846651
390,American Legion Marsh Post 442,42.365182,-71.140283,106.0,27.0,2.0,0.0016798998399340718,0.0059787422497785654,0.00041727519298977677
402,Amuse Restaurant,42.362127,-71.099992,106.0,10.0,9.0,0.0016798998399340718,0.0022143489813994687,0.0018777383684539955
407,Andala Coffee House,42.364708,-71.105739,106.0,1.0,5.0,0.0016798998399340718,0.00022143489813994686,0.001043187982474442
414,Andy's Diner,42.390619,-71.122133,106.0,6.0,5.0,0.0016798998399340718,0.001328609388839681,0.001043187982474442
416,Angelo's Pizza,42.372968,-71.110736,106.0,3.0,7.0,0.0016798998399340718,0.0006643046944198405,0.0014604631754642186
424,Anna's Taqueria,42.388454,-71.118574,106.0,15.0,8.0,0.0016798998399340718,0.003321523472099203,0.001669100771959107
437,Apple CambridgeSide,42.367696,-71.075881,106.0,11.0,16.0,0.0016798998399340718,0.002435783879539415,0.003338201543918214
438,Apple Retail Store,42.367972,-71.075772,51.0,5.0,4.0,0.0008082536965720534,0.0011071744906997344,0.0008345503859795535
447,Armageddon Shop,42.372315,-71.121535,76.0,6.0,21.0,0.0012044564890093346,0.001328609388839681,0.004381389526392656
448,Armando's Pizza & Subs,42.382382,-71.131433,45.0,3.0,4.0,0.000713165026387106,0.0006643046944198405,0.0008345503859795535
454,ArtBar Cambridge,42.367194,-71.074526,106.0,2.0,2.0,0.0016798998399340718,0.0004428697962798937,0.00041727519298977677
462,Ashley Allen Santana Properties Team,42.394453,-71.14617,106.0,1.0,3.0,0.0016798998399340718,0.00022143489813994686,0.0006259127894846651
464,Asmara Restaurant,42.36648,-71.105064,106.0,1.0,3.0,0.0016798998399340718,0.00022143489813994686,0.0006259127894846651
466,Associated Surgeons P C,42.374119,-71.13439,106.0,1.0,2.0,0.0016798998399340718,0.00022143489813994686,0.00041727519298977677
467,Associates In Orthopaedics & Sports Medicine,42.374232,-71.134459,106.0,10.0,2.0,0.0016798998399340718,0.0022143489813994687,0.00041727519298977677
496,B.GOOD,42.364184,-71.083507,106.0,5.0,4.0,0.0016798998399340718,0.0011071744906997344,0.0008345503859795535
517,BKS Iyengar Yogamala,42.366824,-71.104988,83.0,5.0,1.0,0.0013153932708917732,0.0011071744906997344,0.00020863759649488838
540,Bachata Room,42.36342,-71.101296,106.0,6.0,6.0,0.0016798998399340718,0.001328609388839681,0.0012518255789693302
542,Bagelsaurus,42.386094,-71.119577,32.0,2.0,1.0,0.0005071395743197198,0.0004428697962798937,0.00020863759649488838
547,Bambara,42.367867,-71.07491,106.0,10.0,8.0,0.0016798998399340718,0.0022143489813994687,0.001669100771959107
581,Bar Enza,42.372265,-71.123072,106.0,3.0,2.0,0.0016798998399340718,0.0006643046944198405,0.00041727519298977677
583,Baraka Cafe,42.361232,-71.115428,106.0,10.0,9.0,0.0016798998399340718,0.0022143489813994687,0.0018777383684539955
584,Barcelona Wine Bar & Restaurant,42.382723,-71.11999,106.0,4.0,8.0,0.0016798998399340718,0.0008857395925597874,0.001669100771959107
587,Barismo,42.370467,-71.104428,106.0,9.0,10.0,0.0016798998399340718,0.001992914083259522,0.002086375964948884
590,Barre Soul,42.372628,-71.119905,106.0,24.0,6.0,0.0016798998399340718,0.005314437555358724,0.0012518255789693302
600,Base Crave,42.381077,-71.137932,20.0,6.0,7.0,0.0003169622339498249,0.001328609388839681,0.0014604631754642186
606,Basta Pasta Trattoria,42.36469,-71.113258,54.0,1.0,1.0,0.0008557980316645272,0.00022143489813994686,0.00020863759649488838
608,Batifol,42.364793,-71.083185,106.0,2.0,1.0,0.0016798998399340718,0.0004428697962798937,0.00020863759649488838
612,Bayside Realty,42.367459,-71.106609,93.0,5.0,14.0,0.0014738743878666856,0.0011071744906997344,0.0029209263509284373
613,Bbn Technologies,42.389788,-71.147614,106.0,11.0,11.0,0.0016798998399340718,0.002435783879539415,0.0022950135614437724
618,Beantown Taqueria Cafe,42.364783,-71.108787,85.0,2.0,3.0,0.0013470894942867557,0.0004428697962798937,0.0006259127894846651
624,Beauty's Pizza,42.372775,-71.099329,3.0,2.0,3.0,4.754433509247373e-05,0.0004428697962798937,0.0006259127894846651
637,Belly Dance by Johara & Snake Dance Theater Company,42.364238,-71.102309,106.0,11.0,11.0,0.0016798998399340718,0.002435783879539415,0.0022950135614437724
644,Ben & Jerry's,42.390107,-71.117726,106.0,10.0,12.0,0.0016798998399340718,0.0022143489813994687,0.0025036511579386604
660,BerryLine,42.371278,-71.114648,106.0,13.0,11.0,0.0016798998399340718,0.002878653675819309,0.0022950135614437724
662,Bertucci's,42.363447,-71.097363,106.0,1.0,4.0,0.0016798998399340718,0.00022143489813994686,0.0008345503859795535
666,Best Life,42.370033,-71.071701,106.0,20.0,5.0,0.0016798998399340718,0.0044286979627989375,0.001043187982474442
676,Beyond Fitness Pilates Studio,42.391604,-71.152121,106.0,7.0,2.0,0.0016798998399340718,0.001550044286979628,0.00041727519298977677
684,Big Dig Records,42.395876,-71.128184,106.0,2.0,3.0,0.0016798998399340718,0.0004428697962798937,0.0006259127894846651
685,Big Easy Cajun,42.367333,-71.07649,106.0,3.0,5.0,0.0016798998399340718,0.0006643046944198405,0.001043187982474442
698,Biogen,42.365003,-71.087029,106.0,11.0,7.0,0.0016798998399340718,0.002435783879539415,0.0014604631754642186
706,Bisuteki Japanese Steak House,42.358653,-71.115108,106.0,5.0,6.0,0.0016798998399340718,0.0011071744906997344,0.0012518255789693302
725,Black Sheep Market,42.360254,-71.110064,2.0,4.0,6.0,3.169622339498249e-05,0.0008857395925597874,0.0012518255789693302
726,Blackbird Doughnuts Harvard Square,42.372663,-71.118796,106.0,9.0,6.0,0.0016798998399340718,0.001992914083259522,0.0012518255789693302
730,Blaze Pizza,42.369371,-71.077051,106.0,3.0,1.0,0.0016798998399340718,0.0006643046944198405,0.00020863759649488838
746,Blue Bottle Coffee,42.36335,-71.08775,106.0,12.0,4.0,0.0016798998399340718,0.002657218777679362,0.0008345503859795535
750,Blue Owl,42.363627,-71.09966,106.0,5.0,1.0,0.0016798998399340718,0.0011071744906997344,0.00020863759649488838
760,Bluestone Lane,42.373493,-71.120642,106.0,1.0,3.0,0.0016798998399340718,0.00022143489813994686,0.0006259127894846651
769,Body & Brain Yoga Tai Chi,42.38549,-71.119013,68.0,6.0,2.0,0.0010776715954294047,0.001328609388839681,0.00041727519298977677
771,BodyScapes Fitness,42.363642,-71.083278,106.0,7.0,2.0,0.0016798998399340718,0.001550044286979628,0.00041727519298977677
772,Bohnert Michael MD,42.372271,-71.123621,106.0,9.0,3.0,0.0016798998399340718,0.001992914083259522,0.0006259127894846651
775,BollyX,42.36468,-71.102113,106.0,13.0,7.0,0.0016798998399340718,0.002878653675819309,0.0014604631754642186
777,Bom Dough,42.373563,-71.098716,106.0,7.0,4.0,0.0016798998399340718,0.001550044286979628,0.0008345503859795535
780,Bon Me Harvard Truck,42.37644,-71.116861,106.0,21.0,11.0,0.0016798998399340718,0.004650132860938884,0.0022950135614437724
781,Bon Me One Kendall Square,42.366098,-71.09078,106.0,8.0,6.0,0.0016798998399340718,0.001771479185119575,0.0012518255789693302
782,Bon Me Smith Campus Center,42.372969,-71.118472,106.0,11.0,12.0,0.0016798998399340718,0.002435783879539415,0.0025036511579386604
783,Bon Me Test Kitchen,42.365056,-71.079892,106.0,4.0,2.0,0.0016798998399340718,0.0008857395925597874,0.00041727519298977677
806,Boston Burger Company,42.370905,-71.11358,106.0,5.0,5.0,0.0016798998399340718,0.0011071744906997344,0.001043187982474442
847,Boston Swing Central,42.387908,-71.140388,106.0,7.0,5.0,0.0016798998399340718,0.001550044286979628,0.001043187982474442
867,Breathe Cambridge,42.372732,-71.119681,106.0,11.0,5.0,0.0016798998399340718,0.002435783879539415,0.001043187982474442
870,Bri Grady Robert Paul Properties,42.370813,-71.114984,106.0,3.0,15.0,0.0016798998399340718,0.0006643046944198405,0.0031295639474233257
882,Broad Institute,42.362837,-71.088807,106.0,17.0,15.0,0.0016798998399340718,0.0037643932683790967,0.0031295639474233257
883,Broadsheet Coffee Roasters,42.377946,-71.107261,106.0,5.0,8.0,0.0016798998399340718,0.0011071744906997344,0.001669100771959107
887,Broadway Marketplace,42.373891,-71.113075,106.0,9.0,20.0,0.0016798998399340718,0.001992914083259522,0.004172751929897768
891,Brookfield Factory Outlet Store,42.372779,-71.094298,106.0,4.0,11.0,0.0016798998399340718,0.0008857395925597874,0.0022950135614437724
892,Brookline Lunch,42.363808,-71.101801,106.0,1.0,2.0,0.0016798998399340718,0.00022143489813994686,0.00041727519298977677
893,Brooklyn Bagel Factory,42.371845,-71.098967,18.0,3.0,5.0,0.0002852660105548424,0.0006643046944198405,0.001043187982474442
894,Brothers Market,42.362592,-71.083334,106.0,16.0,14.0,0.0016798998399340718,0.00354295837023915,0.0029209263509284373
899,Buck Kernahan Atty,42.367936,-71.107377,79.0,2.0,2.0,0.0012520008241018084,0.0004428697962798937,0.00041727519298977677
909,Burger King,42.39049,-71.150472,106.0,24.0,7.0,0.0016798998399340718,0.005314437555358724,0.0014604631754642186
926,CAC Express,42.362473,-71.08099,106.0,19.0,6.0,0.0016798998399340718,0.00420726306465899,0.0012518255789693302
967,CAVA,42.363241,-71.087739,106.0,9.0,2.0,0.0016798998399340718,0.001992914083259522,0.00041727519298977677
1015,CIC Cambridge,42.362278,-71.081135,106.0,24.0,14.0,0.0016798998399340718,0.005314437555358724,0.0029209263509284373
1024,CLEAR Kiosk,42.367491,-71.077277,106.0,17.0,34.0,0.0016798998399340718,0.0037643932683790967,0.007093678280826205
1026,CLUBWAKA Boston,42.388815,-71.133199,20.0,8.0,3.0,0.0003169622339498249,0.001771479185119575,0.0006259127894846651
1049,CSA Construction Services,42.394225,-71.151749,106.0,14.0,14.0,0.0016798998399340718,0.003100088573959256,0.0029209263509284373
1078,Cafe Gato Rojo,42.373652,-71.118536,106.0,5.0,3.0,0.0016798998399340718,0.0011071744906997344,0.0006259127894846651
1081,Cafe Mami,42.387262,-71.118638,106.0,2.0,3.0,0.0016798998399340718,0.0004428697962798937,0.0006259127894846651
1083,Cafe Spice MIT,42.35988,-71.10998,70.0,5.0,3.0,0.001109367818824387,0.0011071744906997344,0.0006259127894846651
1084,Cafe Sushi Shoten,42.370568,-71.113358,106.0,3.0,2.0,0.0016798998399340718,0.0006643046944198405,0.00041727519298977677
1085,Cafe Zing,42.389606,-71.118979,106.0,2.0,2.0,0.0016798998399340718,0.0004428697962798937,0.00041727519298977677
1087,Caff√® Nero,42.388049,-71.119664,9.0,7.0,4.0,0.0001426330052774212,0.001550044286979628,0.0008345503859795535
1107,Cambridge Athletic Club,42.363707,-71.09312,106.0,10.0,11.0,0.0016798998399340718,0.0022143489813994687,0.0022950135614437724
1108,Cambridge Athletic Club,42.364147,-71.078686,106.0,9.0,3.0,0.0016798998399340718,0.001992914083259522,0.0006259127894846651
1127,Cambridge Center Roof Garden,42.3633,-71.087579,106.0,35.0,27.0,0.0016798998399340718,0.00775022143489814,0.005633215105361986
1161,Cambridge Dental Clinic,42.375646,-71.144428,106.0,2.0,4.0,0.0016798998399340718,0.0004428697962798937,0.0008345503859795535
1173,Cambridge Fire Department Inman Square,42.373478,-71.100845,101.0,2.0,1.0,0.0016006592814466157,0.0004428697962798937,0.00020863759649488838
1182,Cambridge Forum,42.374544,-71.119583,106.0,22.0,28.0,0.0016798998399340718,0.00487156775907883,0.0058418527018568745
1183,Cambridge Friends School,42.387872,-71.130666,106.0,6.0,3.0,0.0016798998399340718,0.001328609388839681,0.0006259127894846651
1189,Cambridge Grill,42.359018,-71.095047,106.0,4.0,9.0,0.0016798998399340718,0.0008857395925597874,0.0018777383684539955
1205,Cambridge House of Pizza,42.397326,-71.130785,106.0,5.0,2.0,0.0016798998399340718,0.0011071744906997344,0.00041727519298977677
1206,Cambridge Insight Meditation Center,42.369975,-71.102064,51.0,4.0,5.0,0.0008082536965720534,0.0008857395925597874,0.001043187982474442
1217,Cambridge Ma Sears Appliance Repair,42.367438,-71.076567,106.0,3.0,6.0,0.0016798998399340718,0.0006643046944198405,0.0012518255789693302
1226,Cambridge Mobile Sound and Security,42.372852,-71.080675,86.0,2.0,3.0,0.001362937605984247,0.0004428697962798937,0.0006259127894846651
1227,Cambridge Mobile Telematics,42.362803,-71.083549,106.0,8.0,12.0,0.0016798998399340718,0.001771479185119575,0.0025036511579386604
1228,Cambridge Montessori School,42.385829,-71.132374,106.0,5.0,1.0,0.0016798998399340718,0.0011071744906997344,0.00020863759649488838
1249,Cambridge Pizza,42.361834,-71.097083,106.0,5.0,2.0,0.0016798998399340718,0.0011071744906997344,0.00041727519298977677
1250,Cambridge Pizzeria,42.357691,-71.107882,86.0,4.0,5.0,0.001362937605984247,0.0008857395925597874,0.001043187982474442
1255,Cambridge Prime,42.378086,-71.121335,106.0,7.0,20.0,0.0016798998399340718,0.001550044286979628,0.004172751929897768
1284,Cambridge Somerville Mental Health Center,42.39711,-71.130279,106.0,2.0,4.0,0.0016798998399340718,0.0004428697962798937,0.0008345503859795535
1290,Cambridge Street Upper School,42.372203,-71.091514,106.0,6.0,1.0,0.0016798998399340718,0.001328609388839681,0.00020863759649488838
1309,Cambridge War Memorial Recreation Center,42.37466,-71.109502,106.0,7.0,12.0,0.0016798998399340718,0.001550044286979628,0.0025036511579386604
1328,Cambridgeside Tailoring,42.368104,-71.07623,106.0,3.0,2.0,0.0016798998399340718,0.0006643046944198405,0.00041727519298977677
1339,Cantina Bar,42.362861,-71.083721,106.0,11.0,6.0,0.0016798998399340718,0.002435783879539415,0.0012518255789693302
1354,Cardullo's Gourmet Shoppe,42.373605,-71.119696,106.0,5.0,2.0,0.0016798998399340718,0.0011071744906997344,0.00041727519298977677
1363,Carol Faulkner Yoga,42.375024,-71.151026,55.0,5.0,1.0,0.0008716461433620184,0.0011071744906997344,0.00020863759649488838
1373,Casa Portugal,42.373117,-71.097391,106.0,1.0,2.0,0.0016798998399340718,0.00022143489813994686,0.00041727519298977677
1376,Cascap,42.365521,-71.10449,106.0,7.0,6.0,0.0016798998399340718,0.001550044286979628,0.0012518255789693302
1383,Catalyst Performance Training,42.360559,-71.10241,106.0,3.0,5.0,0.0016798998399340718,0.0006643046944198405,0.001043187982474442
1384,Catalyst Restaurant,42.363027,-71.091578,106.0,2.0,1.0,0.0016798998399340718,0.0004428697962798937,0.00020863759649488838
1386,Catholic Charitable Bureau of the Archdiocese of Boston,42.389163,-71.129561,27.0,4.0,4.0,0.0004278990158322636,0.0008857395925597874,0.0008345503859795535
1398,Center for Astrophysics Harvard & Smithsonian,42.381456,-71.128183,106.0,3.0,13.0,0.0016798998399340718,0.0006643046944198405,0.002712288754433549
1407,Central House,42.366759,-71.106692,106.0,24.0,71.0,0.0016798998399340718,0.005314437555358724,0.014813269351137075
1410,Central Rock Gym,42.373132,-71.120109,106.0,4.0,5.0,0.0016798998399340718,0.0008857395925597874,0.001043187982474442
1411,Central Rock Gym,42.393957,-71.15054,106.0,19.0,3.0,0.0016798998399340718,0.00420726306465899,0.0006259127894846651
1429,Chalawan,42.385968,-71.119582,106.0,2.0,1.0,0.0016798998399340718,0.0004428697962798937,0.00020863759649488838
1434,Chang Shing Tofu,42.366227,-71.0791,106.0,7.0,9.0,0.0016798998399340718,0.001550044286979628,0.0018777383684539955
1435,Changsho,42.383525,-71.119887,106.0,4.0,7.0,0.0016798998399340718,0.0008857395925597874,0.0014604631754642186
1632,Charley's,42.368538,-71.076608,106.0,7.0,6.0,0.0016798998399340718,0.001550044286979628,0.0012518255789693302
1637,Charlotte Huguenor Santana Properties Team,42.390218,-71.140672,106.0,25.0,36.0,0.0016798998399340718,0.005535872453498672,0.007510953473815982
1642,Cheapo Records,42.364206,-71.102289,106.0,5.0,14.0,0.0016798998399340718,0.0011071744906997344,0.0029209263509284373
1649,Chiang Mai Thai,42.368429,-71.076617,106.0,8.0,2.0,0.0016798998399340718,0.001771479185119575,0.00041727519298977677
1659,Chipotle Mexican Grill,42.36255,-71.085605,106.0,6.0,4.0,0.0016798998399340718,0.001328609388839681,0.0008345503859795535
1660,Chipotle Mexican Grill,42.364819,-71.103271,4.0,1.0,7.0,6.339244678996498e-05,0.00022143489813994686,0.0014604631754642186
1662,Chipotle Mexican Grill,42.38929,-71.143413,10.0,6.0,15.0,0.00015848111697491245,0.001328609388839681,0.0031295639474233257
1689,Cicada Coffee Bar,42.367571,-71.102001,106.0,4.0,5.0,0.0016798998399340718,0.0008857395925597874,0.001043187982474442
1690,Cilantro,42.370879,-71.113552,106.0,13.0,2.0,0.0016798998399340718,0.002878653675819309,0.00041727519298977677
1741,Clover Food Lab,42.360684,-71.086093,106.0,4.0,3.0,0.0016798998399340718,0.0008857395925597874,0.0006259127894846651
1742,Clover Food Lab,42.362854,-71.087715,70.0,2.0,1.0,0.001109367818824387,0.0004428697962798937,0.00020863759649488838
1743,Clover Food Lab,42.363878,-71.101709,106.0,2.0,3.0,0.0016798998399340718,0.0004428697962798937,0.0006259127894846651
1744,Clover Food Lab,42.372895,-71.117919,106.0,2.0,2.0,0.0016798998399340718,0.0004428697962798937,0.00041727519298977677
1745,Clover Food Lab,42.373154,-71.095093,106.0,7.0,11.0,0.0016798998399340718,0.001550044286979628,0.0022950135614437724
1746,Clover Food Lab,42.376364,-71.116569,106.0,7.0,19.0,0.0016798998399340718,0.001550044286979628,0.0039641143334028794
1750,Club Passim,42.374223,-71.120026,106.0,9.0,7.0,0.0016798998399340718,0.001992914083259522,0.0014604631754642186
1766,Colette Wine Bistro,42.389238,-71.1203,106.0,8.0,4.0,0.0016798998399340718,0.001771479185119575,0.0008345503859795535
1770,College Year In Athens,42.363602,-71.099565,106.0,8.0,7.0,0.0016798998399340718,0.001771479185119575,0.0014604631754642186
1778,Come To Yoga With Barbara Lyon,42.370093,-71.102315,53.0,4.0,1.0,0.0008399499199670359,0.0008857395925597874,0.00020863759649488838
1779,Come to Yoga With Barbara Lyon,42.369043,-71.094803,106.0,10.0,7.0,0.0016798998399340718,0.0022143489813994687,0.0014604631754642186
1780,Comeau Field,42.394742,-71.138527,106.0,23.0,12.0,0.0016798998399340718,0.005093002657218778,0.0025036511579386604
1785,Commonwealth Restaurant and Market,42.363323,-71.08247,106.0,3.0,1.0,0.0016798998399340718,0.0006643046944198405,0.00020863759649488838
1788,Community Charter School Of Cambridge,42.367721,-71.085187,106.0,6.0,6.0,0.0016798998399340718,0.001328609388839681,0.0012518255789693302
1789,Community Ice Skating at Kendall Square,42.36438,-71.081363,106.0,6.0,2.0,0.0016798998399340718,0.001328609388839681,0.00041727519298977677
1790,Community Legal Services & Counseling Center,42.369642,-71.103435,90.0,6.0,5.0,0.001426330052774212,0.001328609388839681,0.001043187982474442
1791,Community Running Association,42.358694,-71.097494,106.0,5.0,4.0,0.0016798998399340718,0.0011071744906997344,0.0008345503859795535
1802,Concord Avenue Cafe,42.383702,-71.134112,106.0,7.0,8.0,0.0016798998399340718,0.001550044286979628,0.001669100771959107
1816,CorePower Yoga,42.364982,-71.089027,106.0,32.0,12.0,0.0016798998399340718,0.0070859167404783,0.0025036511579386604
1817,CorePower Yoga,42.372045,-71.120965,106.0,4.0,4.0,0.0016798998399340718,0.0008857395925597874,0.0008345503859795535
1819,CorePower Yoga,42.390886,-71.139725,106.0,7.0,6.0,0.0016798998399340718,0.001550044286979628,0.0012518255789693302
1833,Courthouse Seafood Restaurant,42.371483,-71.084626,106.0,3.0,3.0,0.0016798998399340718,0.0006643046944198405,0.0006259127894846651
1853,CrossFit,42.364263,-71.078957,106.0,6.0,1.0,0.0016798998399340718,0.001328609388839681,0.00020863759649488838
1867,Curio Coffee,42.371653,-71.08351,106.0,7.0,4.0,0.0016798998399340718,0.001550044286979628,0.0008345503859795535
1878,D&R Construction,42.369534,-71.091069,6.0,2.0,8.0,9.508867018494746e-05,0.0004428697962798937,0.001669100771959107
2799,Dado Tea,42.369111,-71.109872,106.0,33.0,23.0,0.0016798998399340718,0.007307351638618246,0.004798664719382432
2803,Daedalus Restaurant,42.371329,-71.116471,106.0,5.0,2.0,0.0016798998399340718,0.0011071744906997344,0.00041727519298977677
2805,Daily Table Central Square,42.365701,-71.104544,106.0,8.0,19.0,0.0016798998399340718,0.001771479185119575,0.0039641143334028794
2812,Dance Freedom,42.376713,-71.122692,106.0,3.0,10.0,0.0016798998399340718,0.0006643046944198405,0.002086375964948884
2813,Dance Friday,42.366826,-71.104981,83.0,1.0,2.0,0.0013153932708917732,0.00022143489813994686,0.00041727519298977677
2826,Darul Kabab,42.391157,-71.123274,49.0,3.0,4.0,0.000776557473177071,0.0006643046944198405,0.0008345503859795535
2852,Dear Annie,42.384633,-71.119134,106.0,2.0,2.0,0.0016798998399340718,0.0004428697962798937,0.00041727519298977677
2862,Delicious Bao & Mein,42.366433,-71.07731,106.0,9.0,5.0,0.0016798998399340718,0.001992914083259522,0.001043187982474442
2877,Dermatology Associates of Concord,42.375567,-71.14699,106.0,2.0,1.0,0.0016798998399340718,0.0004428697962798937,0.00020863759649488838
2884,Dewey Cheetham & Howe,42.373165,-71.120033,106.0,3.0,1.0,0.0016798998399340718,0.0006643046944198405,0.00020863759649488838
2887,Dig Inn,42.362862,-71.083757,106.0,7.0,7.0,0.0016798998399340718,0.001550044286979628,0.0014604631754642186
2888,Dig Inn,42.372192,-71.119541,106.0,1.0,1.0,0.0016798998399340718,0.00022143489813994686,0.00020863759649488838
2893,Dimi's Place,42.35735,-71.107772,52.0,2.0,5.0,0.0008241018082695447,0.0004428697962798937,0.001043187982474442
2897,Dirty Water Fitness,42.371324,-71.080085,106.0,8.0,4.0,0.0016798998399340718,0.001771479185119575,0.0008345503859795535
2903,Discovery Cafe,42.366604,-71.086178,32.0,4.0,1.0,0.0005071395743197198,0.0008857395925597874,0.00020863759649488838
2915,Done Right Care,42.373435,-71.122556,106.0,4.0,8.0,0.0016798998399340718,0.0008857395925597874,0.001669100771959107
2920,Donut Villa Diner,42.36587,-71.10343,1.0,3.0,3.0,1.5848111697491244e-05,0.0006643046944198405,0.0006259127894846651
2921,Donya by Izakaya Ittoku,42.387193,-71.118544,106.0,5.0,1.0,0.0016798998399340718,0.0011071744906997344,0.00020863759649488838
2931,Down Under School of Yoga Harvard Square,42.37291,-71.119593,106.0,14.0,8.0,0.0016798998399340718,0.003100088573959256,0.001669100771959107
2966,Dumpling Daughter Cambridge,42.363468,-71.088546,106.0,3.0,2.0,0.0016798998399340718,0.0006643046944198405,0.00041727519298977677
2967,Dumpling House,42.368689,-71.109924,106.0,5.0,2.0,0.0016798998399340718,0.0011071744906997344,0.00041727519298977677
2969,Dumpling Xuan,42.37167,-71.084075,106.0,8.0,5.0,0.0016798998399340718,0.001771479185119575,0.001043187982474442
2970,Dunkin',42.360905,-71.11543,106.0,6.0,6.0,0.0016798998399340718,0.001328609388839681,0.0012518255789693302
2971,Dunkin',42.362829,-71.083961,106.0,22.0,14.0,0.0016798998399340718,0.00487156775907883,0.0029209263509284373
2972,Dunkin',42.366307,-71.094141,1.0,5.0,3.0,1.5848111697491244e-05,0.0011071744906997344,0.0006259127894846651
2973,Dunkin',42.368303,-71.076204,106.0,11.0,19.0,0.0016798998399340718,0.002435783879539415,0.0039641143334028794
2974,Dunkin',42.36963,-71.11144,106.0,15.0,12.0,0.0016798998399340718,0.003321523472099203,0.0025036511579386604
2975,Dunkin',42.371739,-71.121116,106.0,2.0,2.0,0.0016798998399340718,0.0004428697962798937,0.00041727519298977677
2976,Dunkin',42.372246,-71.07982,106.0,5.0,4.0,0.0016798998399340718,0.0011071744906997344,0.0008345503859795535
2977,Dunkin',42.373075,-71.093541,16.0,5.0,1.0,0.0002535697871598599,0.0011071744906997344,0.00020863759649488838
2979,Dunkin',42.374189,-71.121151,1.0,7.0,1.0,1.5848111697491244e-05,0.001550044286979628,0.00020863759649488838
2980,Dunkin',42.387839,-71.142286,106.0,11.0,16.0,0.0016798998399340718,0.002435783879539415,0.003338201543918214
2981,Dunkin',42.389304,-71.119578,19.0,5.0,2.0,0.00030111412225233364,0.0011071744906997344,0.00041727519298977677
2982,Dunkin',42.39013,-71.14285,9.0,2.0,5.0,0.0001426330052774212,0.0004428697962798937,0.001043187982474442
2983,Dunkin',42.395742,-71.141396,106.0,28.0,33.0,0.0016798998399340718,0.006200177147918512,0.006885040684331317
2984,Dunkin',42.398696,-71.132191,5.0,3.0,16.0,7.924055848745623e-05,0.0006643046944198405,0.003338201543918214
2985,Dunn Edward J MD,42.374525,-71.104201,106.0,2.0,3.0,0.0016798998399340718,0.0004428697962798937,0.0006259127894846651
2986,Dunster Grille,42.368866,-71.11632,106.0,8.0,5.0,0.0016798998399340718,0.001771479185119575,0.001043187982474442
3082,EVOO Restaurant,42.363587,-71.083219,106.0,2.0,6.0,0.0016798998399340718,0.0004428697962798937,0.0012518255789693302
3100,EY,42.362696,-71.085366,106.0,2.0,1.0,0.0016798998399340718,0.0004428697962798937,0.00020863759649488838
3103,Earnest Drinks,42.367958,-71.090294,106.0,6.0,13.0,0.0016798998399340718,0.001328609388839681,0.002712288754433549
3126,Echomail,42.390462,-71.151312,106.0,3.0,6.0,0.0016798998399340718,0.0006643046944198405,0.0012518255789693302
3141,El Jefe's Taqueria,42.373248,-71.120058,106.0,4.0,2.0,0.0016798998399340718,0.0008857395925597874,0.00041727519298977677
3144,Eli Incorporated,42.371228,-71.097088,106.0,7.0,18.0,0.0016798998399340718,0.001550044286979628,0.003755476736907991
3155,Elmendorf Baking Supplies,42.371654,-71.086311,106.0,7.0,6.0,0.0016798998399340718,0.001550044286979628,0.0012518255789693302
3202,Exarchos Aristides E DMD,42.382297,-71.130487,70.0,5.0,2.0,0.001109367818824387,0.0011071744906997344,0.00041727519298977677
3211,F45 Training,42.373116,-71.120108,106.0,10.0,2.0,0.0016798998399340718,0.0022143489813994687,0.00041727519298977677
3231,Faialense Sport Club,42.373202,-71.095823,106.0,2.0,7.0,0.0016798998399340718,0.0004428697962798937,0.0014604631754642186
3234,Fairlane Properties,42.373589,-71.093545,106.0,4.0,10.0,0.0016798998399340718,0.0008857395925597874,0.002086375964948884
3244,Faro,42.371271,-71.114651,106.0,4.0,8.0,0.0016798998399340718,0.0008857395925597874,0.001669100771959107
3300,Felipe's Taqueria,42.373546,-71.120532,106.0,3.0,1.0,0.0016798998399340718,0.0006643046944198405,0.00020863759649488838
3323,First Cambridge Realty Corporation,42.368479,-71.108412,106.0,5.0,12.0,0.0016798998399340718,0.0011071744906997344,0.0025036511579386604
3335,First United Market,42.357512,-71.108056,106.0,7.0,17.0,0.0016798998399340718,0.001550044286979628,0.0035468391404131026
3338,Fit Fix,42.381162,-71.120043,56.0,7.0,2.0,0.0008874942550595097,0.001550044286979628,0.00041727519298977677
3339,Fitlab Pilates,42.373758,-71.099378,106.0,13.0,6.0,0.0016798998399340718,0.002878653675819309,0.0012518255789693302
3340,Fitness Together,42.371124,-71.097079,36.0,1.0,6.0,0.0005705320211096848,0.00022143489813994686,0.0012518255789693302
3342,Fitzgerald Edward Atty,42.397644,-71.130193,4.0,2.0,2.0,6.339244678996498e-05,0.0004428697962798937,0.00041727519298977677
3347,Flame Hot Pot & Sushi,42.369519,-71.111216,10.0,4.0,10.0,0.00015848111697491245,0.0008857395925597874,0.002086375964948884
3355,Flour Bakery Cafe,42.357776,-71.104201,106.0,15.0,15.0,0.0016798998399340718,0.003321523472099203,0.0031295639474233257
3356,Flour Bakery Cafe,42.360962,-71.096712,106.0,13.0,11.0,0.0016798998399340718,0.002878653675819309,0.0022950135614437724
3357,Flour Bakery Cafe,42.373053,-71.122393,106.0,9.0,4.0,0.0016798998399340718,0.001992914083259522,0.0008345503859795535
3365,Focht Birkerts Lynn Licsw,42.368078,-71.10932,45.0,9.0,5.0,0.000713165026387106,0.001992914083259522,0.001043187982474442
3370,Foodgod Truffle Fries,42.363408,-71.097266,106.0,2.0,1.0,0.0016798998399340718,0.0004428697962798937,0.00020863759649488838
3376,Forage,42.379088,-71.127093,106.0,8.0,6.0,0.0016798998399340718,0.001771479185119575,0.0012518255789693302
3377,Forbes Cafe,42.359338,-71.088331,106.0,11.0,3.0,0.0016798998399340718,0.002435783879539415,0.0006259127894846651
3379,Forbess Lisa W Cardlgst,42.374412,-71.133513,106.0,5.0,1.0,0.0016798998399340718,0.0011071744906997344,0.00020863759649488838
3382,ForestCity,42.361466,-71.100763,106.0,3.0,8.0,0.0016798998399340718,0.0006643046944198405,0.001669100771959107
3383,Formaggio Kitchen,42.36887,-71.095127,92.0,2.0,19.0,0.0014580262761691944,0.0004428697962798937,0.0039641143334028794
3399,Francis J McCrehan Memorial Swimming and Wading Pool,42.394485,-71.137132,106.0,3.0,1.0,0.0016798998399340718,0.0006643046944198405,0.00020863759649488838
3403,Frank's Steak House,42.395359,-71.128283,106.0,10.0,10.0,0.0016798998399340718,0.0022143489813994687,0.002086375964948884
3408,Freepoint Kitchen and Bar,42.388596,-71.142195,106.0,2.0,4.0,0.0016798998399340718,0.0004428697962798937,0.0008345503859795535
3410,Fresh Pond,42.382974,-71.143977,106.0,20.0,23.0,0.0016798998399340718,0.0044286979627989375,0.004798664719382432
3413,Fresh Pond Beer Garden,42.391307,-71.138143,106.0,9.0,7.0,0.0016798998399340718,0.001992914083259522,0.0014604631754642186
3415,Fresh Pond Entertainment Cinemas,42.391289,-71.138141,106.0,17.0,19.0,0.0016798998399340718,0.0037643932683790967,0.0039641143334028794
3427,Friedman Cary MD,42.367945,-71.107356,79.0,5.0,3.0,0.0012520008241018084,0.0011071744906997344,0.0006259127894846651
3447,G&G Property Services,42.370082,-71.082562,27.0,5.0,8.0,0.0004278990158322636,0.0011071744906997344,0.001669100771959107
3467,GLOW Boston,42.38949,-71.120617,106.0,3.0,2.0,0.0016798998399340718,0.0006643046944198405,0.00041727519298977677
3492,Gap,42.373564,-71.120285,106.0,32.0,65.0,0.0016798998399340718,0.0070859167404783,0.013561443772167744
3499,Gaskill Elizabeth B Psychothrpst,42.37382,-71.123145,60.0,2.0,1.0,0.0009508867018494747,0.0004428697962798937,0.00020863759649488838
3510,Genji,42.368083,-71.102408,106.0,4.0,5.0,0.0016798998399340718,0.0008857395925597874,0.001043187982474442
3511,Genji Express,42.360985,-71.113926,106.0,13.0,19.0,0.0016798998399340718,0.002878653675819309,0.0039641143334028794
3512,Genji Express,42.389201,-71.141301,106.0,18.0,19.0,0.0016798998399340718,0.003985828166519044,0.0039641143334028794
3513,Genji Sushi Bars,42.360997,-71.113944,106.0,18.0,4.0,0.0016798998399340718,0.003985828166519044,0.0008345503859795535
3514,Genki Ya Cambridge,42.389225,-71.143495,106.0,4.0,4.0,0.0016798998399340718,0.0008857395925597874,0.0008345503859795535
3522,Geppetto,42.372012,-71.075782,106.0,4.0,4.0,0.0016798998399340718,0.0008857395925597874,0.0008345503859795535
3535,Giulia,42.382519,-71.119948,106.0,2.0,1.0,0.0016798998399340718,0.0004428697962798937,0.00020863759649488838
3536,Glacken Field,42.380494,-71.151174,106.0,16.0,3.0,0.0016798998399340718,0.00354295837023915,0.0006259127894846651
3548,Go! Go! Curry!,42.365034,-71.102754,106.0,12.0,13.0,0.0016798998399340718,0.002657218777679362,0.002712288754433549
3552,Gold Star Pool,42.371424,-71.090552,106.0,9.0,9.0,0.0016798998399340718,0.001992914083259522,0.0018777383684539955
3555,Goldman Beth Phys,42.374357,-71.133746,106.0,10.0,1.0,0.0016798998399340718,0.0022143489813994687,0.00020863759649488838
3559,Gong Cha,42.368489,-71.076158,106.0,2.0,2.0,0.0016798998399340718,0.0004428697962798937,0.00041727519298977677
3560,Gong Cha,42.37414,-71.120663,106.0,9.0,9.0,0.0016798998399340718,0.001992914083259522,0.0018777383684539955
3580,Gran Gusto,42.38851,-71.132169,106.0,12.0,10.0,0.0016798998399340718,0.002657218777679362,0.002086375964948884
3582,Gravestar Inc,42.366541,-71.079116,106.0,11.0,11.0,0.0016798998399340718,0.002435783879539415,0.0022950135614437724
3590,Greek Corner Restaurant,42.396425,-71.129578,106.0,7.0,2.0,0.0016798998399340718,0.001550044286979628,0.00041727519298977677
3594,Greene Rose Heritage Park,42.366683,-71.094875,106.0,7.0,16.0,0.0016798998399340718,0.001550044286979628,0.003338201543918214
3595,Greenfield Joanne Psycholgst,42.373829,-71.123184,60.0,1.0,2.0,0.0009508867018494747,0.00022143489813994686,0.00041727519298977677
3604,Griffin Properties,42.394597,-71.126698,106.0,5.0,7.0,0.0016798998399340718,0.0011071744906997344,0.0014604631754642186
3618,Gustazo Cuban Kitchen & Bar Cambridge,42.391414,-71.12276,8.0,2.0,2.0,0.00012678489357992995,0.0004428697962798937,0.00041727519298977677
3619,Gymnastic Academy of Boston,42.393583,-71.15013,70.0,10.0,2.0,0.001109367818824387,0.0022143489813994687,0.00041727519298977677
3621,Gypsy Place,42.368482,-71.094714,106.0,5.0,4.0,0.0016798998399340718,0.0011071744906997344,0.0008345503859795535
3624,H Mart,42.365289,-71.102304,106.0,20.0,85.0,0.0016798998399340718,0.0044286979627989375,0.01773419570206551
3672,Hagopian Varant Phys,42.373888,-71.134221,106.0,10.0,2.0,0.0016798998399340718,0.0022143489813994687,0.00041727519298977677
3682,Half Shell,42.385222,-71.119652,4.0,2.0,3.0,6.339244678996498e-05,0.0004428697962798937,0.0006259127894846651
3691,Happy Lamb Hot Pot,42.364142,-71.101297,106.0,2.0,2.0,0.0016798998399340718,0.0004428697962798937,0.00041727519298977677
3696,Harkness Commons,42.381136,-71.120077,56.0,5.0,6.0,0.0008874942550595097,0.0011071744906997344,0.0012518255789693302
3705,Harvard,42.377157,-71.117476,106.0,13.0,15.0,0.0016798998399340718,0.002878653675819309,0.0031295639474233257
3718,Harvard Divinity School,42.374182,-71.116059,106.0,7.0,8.0,0.0016798998399340718,0.001550044286979628,0.001669100771959107
3722,Harvard Faculty Club,42.37324,-71.114262,106.0,6.0,3.0,0.0016798998399340718,0.001328609388839681,0.0006259127894846651
3724,Harvard Film Archive,42.373597,-71.114241,106.0,10.0,22.0,0.0016798998399340718,0.0022143489813994687,0.004590027122887545
3728,Harvard House Of Pizza,42.383291,-71.119836,100.0,3.0,3.0,0.0015848111697491245,0.0006643046944198405,0.0006259127894846651
3739,Harvard Office of the Arts Studio 74,42.371771,-71.118582,106.0,6.0,3.0,0.0016798998399340718,0.001328609388839681,0.0006259127894846651
3759,Harvard Square Rental Properties,42.378103,-71.121341,106.0,6.0,21.0,0.0016798998399340718,0.001328609388839681,0.004381389526392656
3764,Harvard Undergraduate Council,42.371598,-71.118038,106.0,3.0,3.0,0.0016798998399340718,0.0006643046944198405,0.0006259127894846651
3782,Harvard University Press Book Orders,42.383024,-71.127138,106.0,6.0,9.0,0.0016798998399340718,0.001328609388839681,0.0018777383684539955
3784,Harvard Yard,42.376226,-71.115269,106.0,17.0,16.0,0.0016798998399340718,0.0037643932683790967,0.003338201543918214
3786,Harvest,42.373762,-71.12185,106.0,12.0,1.0,0.0016798998399340718,0.002657218777679362,0.00020863759649488838
3793,Havana Club,42.36464,-71.104647,106.0,3.0,1.0,0.0016798998399340718,0.0006643046944198405,0.00020863759649488838
3801,Head of the Charles,42.372262,-71.133935,106.0,9.0,7.0,0.0016798998399340718,0.001992914083259522,0.0014604631754642186
3810,HealthAF,42.388886,-71.118932,106.0,13.0,4.0,0.0016798998399340718,0.002878653675819309,0.0008345503859795535
3811,Healthworks Fitness,42.388908,-71.118896,106.0,7.0,4.0,0.0016798998399340718,0.001550044286979628,0.0008345503859795535
3818,Heffernan Paul M DPM,42.37453,-71.104202,106.0,6.0,2.0,0.0016798998399340718,0.001328609388839681,0.00041727519298977677
3822,Hemenway Gymnasium,42.377055,-71.119606,8.0,5.0,3.0,0.00012678489357992995,0.0011071744906997344,0.0006259127894846651
3823,Henrietta's Table,42.372294,-71.123262,106.0,6.0,4.0,0.0016798998399340718,0.001328609388839681,0.0008345503859795535
3834,Hi Rise Bread Company,42.382482,-71.131438,106.0,7.0,12.0,0.0016798998399340718,0.001550044286979628,0.0025036511579386604
3852,Hokkaido Ramen Santouka,42.372264,-71.115873,106.0,2.0,2.0,0.0016798998399340718,0.0004428697962798937,0.00041727519298977677
3854,Hollis Hall,42.375248,-71.115747,106.0,5.0,12.0,0.0016798998399340718,0.0011071744906997344,0.0025036511579386604
3865,Honeycomb Creamery,42.383215,-71.119849,106.0,7.0,4.0,0.0016798998399340718,0.001550044286979628,0.0008345503859795535
3867,Honor System Books,42.374334,-71.122119,106.0,7.0,4.0,0.0016798998399340718,0.001550044286979628,0.0008345503859795535
3873,Hot Chix Boston,42.373156,-71.097874,106.0,9.0,2.0,0.0016798998399340718,0.001992914083259522,0.00041727519298977677
3881,Hoyt Field,42.363705,-71.112561,106.0,14.0,9.0,0.0016798998399340718,0.003100088573959256,0.0018777383684539955
3889,Hult International Business School,42.36979,-71.070656,106.0,28.0,7.0,0.0016798998399340718,0.006200177147918512,0.0014604631754642186
3898,I Love Sushi,42.387176,-71.118495,106.0,10.0,4.0,0.0016798998399340718,0.0022143489813994687,0.0008345503859795535
3903,IHOP,42.372106,-71.121423,106.0,2.0,4.0,0.0016798998399340718,0.0004428697962798937,0.0008345503859795535
3911,ISA International Studies Abroad Boston Office,42.394891,-71.1279,31.0,7.0,4.0,0.0004912914626222285,0.001550044286979628,0.0008345503859795535
3937,Infante Property Management,42.373434,-71.12253,106.0,4.0,11.0,0.0016798998399340718,0.0008857395925597874,0.0022950135614437724
3948,Inner Strength Fitness,42.397124,-71.130305,106.0,4.0,5.0,0.0016798998399340718,0.0008857395925597874,0.001043187982474442
3962,International Convenience,42.365842,-71.098293,85.0,3.0,8.0,0.0013470894942867557,0.0006643046944198405,0.001669100771959107
3963,International School Of Boston,42.402355,-71.132487,106.0,2.0,6.0,0.0016798998399340718,0.0004428697962798937,0.0012518255789693302
3968,Investments Limited,42.396754,-71.129839,106.0,8.0,15.0,0.0016798998399340718,0.001771479185119575,0.0031295639474233257
3979,Ivy Seed Academy,42.364425,-71.102472,106.0,5.0,3.0,0.0016798998399340718,0.0011071744906997344,0.0006259127894846651
3980,Izakaya Ittoku,42.387235,-71.11852,106.0,3.0,6.0,0.0016798998399340718,0.0006643046944198405,0.0012518255789693302
3990,J P Licks Cambridge,42.372779,-71.117504,106.0,5.0,9.0,0.0016798998399340718,0.0011071744906997344,0.0018777383684539955
4070,JFK Jr Forum at Harvard Kennedy School,42.371252,-71.122178,106.0,1.0,9.0,0.0016798998399340718,0.00022143489813994686,0.0018777383684539955
4164,James F Farr Academy,42.363191,-71.104569,106.0,4.0,3.0,0.0016798998399340718,0.0008857395925597874,0.0006259127894846651
4184,Jeff Sraeel Fitness,42.381667,-71.135229,87.0,7.0,6.0,0.0013787857176817383,0.001550044286979628,0.0012518255789693302
4194,Jerusalem Palace Truck,42.361099,-71.086566,106.0,8.0,3.0,0.0016798998399340718,0.001771479185119575,0.0006259127894846651
4207,Jo's Indian Kitchen,42.388778,-71.119894,106.0,11.0,8.0,0.0016798998399340718,0.002435783879539415,0.001669100771959107
4214,Joe's Kwik Mart,42.372548,-71.099042,106.0,3.0,25.0,0.0016798998399340718,0.0006643046944198405,0.005215939912372209
4227,Johnson Ice Rink,42.358445,-71.096453,106.0,22.0,14.0,0.0016798998399340718,0.00487156775907883,0.0029209263509284373
4233,Jose Mateo Ballet Theatre,42.371768,-71.114171,106.0,16.0,10.0,0.0016798998399340718,0.00354295837023915,0.002086375964948884
4234,Jose's Mexican Food Truck,42.361124,-71.086595,106.0,12.0,2.0,0.0016798998399340718,0.002657218777679362,0.00041727519298977677
4258,K B Aruda Construction,42.393209,-71.151548,1.0,4.0,2.0,1.5848111697491244e-05,0.0008857395925597874,0.00041727519298977677
4341,Kadampa Meditation Center Boston,42.395081,-71.127985,45.0,5.0,9.0,0.000713165026387106,0.0011071744906997344,0.0018777383684539955
4346,Kane Ellen Social Worker,42.374113,-71.125765,85.0,3.0,4.0,0.0013470894942867557,0.0006643046944198405,0.0008345503859795535
4347,Kantipur Cafe,42.369953,-71.096059,106.0,3.0,7.0,0.0016798998399340718,0.0006643046944198405,0.0014604631754642186
4357,Karlson James A MD,42.374129,-71.134401,106.0,1.0,3.0,0.0016798998399340718,0.00022143489813994686,0.0006259127894846651
4361,Kates Malcolm I Optmtrst,42.372884,-71.119217,106.0,26.0,10.0,0.0016798998399340718,0.005757307351638618,0.002086375964948884
4367,Kaveri Indian Bistro,42.382468,-71.119882,106.0,7.0,7.0,0.0016798998399340718,0.001550044286979628,0.0014604631754642186
4368,Kawada Charles MD,42.374387,-71.133732,106.0,9.0,1.0,0.0016798998399340718,0.001992914083259522,0.00020863759649488838
4380,Kemsley Education,42.36876,-71.110833,106.0,4.0,7.0,0.0016798998399340718,0.0008857395925597874,0.0014604631754642186
4386,Kendall Club,42.362192,-71.081617,106.0,33.0,5.0,0.0016798998399340718,0.007307351638618246,0.001043187982474442
4392,Kendall Kitchen,42.366056,-71.092182,106.0,4.0,1.0,0.0016798998399340718,0.0008857395925597874,0.00020863759649488838
4407,Kennedy Longfellow,42.369535,-71.086791,106.0,3.0,8.0,0.0016798998399340718,0.0006643046944198405,0.001669100771959107
4411,Kevin Cueto Santana Properties Team,42.39445,-71.146172,106.0,4.0,1.0,0.0016798998399340718,0.0008857395925597874,0.00020863759649488838
4434,King's Famous Pizzeria Roast Beef And Seafood,42.374961,-71.109151,106.0,6.0,11.0,0.0016798998399340718,0.001328609388839681,0.0022950135614437724
4449,Koch Cafe,42.362255,-71.089286,106.0,23.0,9.0,0.0016798998399340718,0.005093002657218778,0.0018777383684539955
4456,Koreana,42.36908,-71.100912,2.0,4.0,2.0,3.169622339498249e-05,0.0008857395925597874,0.00041727519298977677
4460,Kreationz,42.362122,-71.086732,57.0,2.0,7.0,0.0009033423667570009,0.0004428697962798937,0.0014604631754642186
4461,Krikorian Richard D MD,42.374228,-71.134333,106.0,3.0,1.0,0.0016798998399340718,0.0006643046944198405,0.00020863759649488838
4467,Kung Fu Tea,42.371255,-71.114663,106.0,7.0,6.0,0.0016798998399340718,0.001550044286979628,0.0012518255789693302
4583,La Fabrica Central,42.363581,-71.101086,106.0,1.0,4.0,0.0016798998399340718,0.00022143489813994686,0.0008345503859795535
4589,La Royal,42.3829,-71.131553,4.0,6.0,2.0,6.339244678996498e-05,0.001328609388839681,0.00041727519298977677
4592,LabCentral,42.362253,-71.09503,106.0,8.0,6.0,0.0016798998399340718,0.001771479185119575,0.0012518255789693302
4603,Landmark Theaters,42.368264,-71.090065,106.0,3.0,4.0,0.0016798998399340718,0.0006643046944198405,0.0008345503859795535
4607,Larray's Loaded Mac,42.363404,-71.097239,106.0,2.0,1.0,0.0016798998399340718,0.0004428697962798937,0.00020863759649488838
4609,Las Palmas Restaurant,42.372677,-71.118646,106.0,2.0,2.0,0.0016798998399340718,0.0004428697962798937,0.00041727519298977677
4613,Latin Grille,42.368583,-71.076566,106.0,2.0,5.0,0.0016798998399340718,0.0004428697962798937,0.001043187982474442
4619,Lavash Bar & Grille,42.387881,-71.140397,106.0,3.0,7.0,0.0016798998399340718,0.0006643046944198405,0.0014604631754642186
4641,Lawner Peter PHD,42.374779,-71.128574,87.0,6.0,2.0,0.0013787857176817383,0.001328609388839681,0.00041727519298977677
4651,Le's Restaurant Cambridge,42.37249,-71.119517,106.0,3.0,2.0,0.0016798998399340718,0.0006643046944198405,0.00041727519298977677
4652,Le's Sushi Bar & Restaurant,42.37161,-71.083254,78.0,3.0,1.0,0.001236152712404317,0.0006643046944198405,0.00020863759649488838
4653,Le's Vietnamese Restaurant,42.37252,-71.119296,106.0,3.0,2.0,0.0016798998399340718,0.0006643046944198405,0.00041727519298977677
4677,Leone Jas P Psycholgst,42.367909,-71.107379,79.0,3.0,1.0,0.0012520008241018084,0.0006643046944198405,0.00020863759649488838
4681,Lesley College,42.388249,-71.118112,106.0,5.0,2.0,0.0016798998399340718,0.0011071744906997344,0.00041727519298977677
4682,Lesley University,42.38099,-71.117349,106.0,3.0,14.0,0.0016798998399340718,0.0006643046944198405,0.0029209263509284373
4704,Life Alive Organic Cafe,42.372937,-71.119585,106.0,5.0,2.0,0.0016798998399340718,0.0011071744906997344,0.00041727519298977677
4705,Life Alive Organic Cafe Central Square,42.366709,-71.105369,106.0,11.0,12.0,0.0016798998399340718,0.002435783879539415,0.0025036511579386604
4716,Lily P's,42.364875,-71.078675,106.0,7.0,1.0,0.0016798998399340718,0.001550044286979628,0.00020863759649488838
4719,Lingo Cafe & Bar,42.36979,-71.068794,106.0,14.0,4.0,0.0016798998399340718,0.003100088573959256,0.0008345503859795535
4736,Little Lingo,42.369939,-71.070686,106.0,15.0,1.0,0.0016798998399340718,0.003321523472099203,0.00020863759649488838
4739,Live By Leclair & Co,42.394464,-71.146151,106.0,7.0,10.0,0.0016798998399340718,0.001550044286979628,0.002086375964948884
4743,Lizzy's Ice Cream,42.374531,-71.120119,106.0,2.0,3.0,0.0016798998399340718,0.0004428697962798937,0.0006259127894846651
4753,Lone Star Taco Bar,42.372127,-71.086885,106.0,9.0,3.0,0.0016798998399340718,0.001992914083259522,0.0006259127894846651
4759,Longy School Of Music Of Bard College,42.378529,-71.123497,106.0,6.0,3.0,0.0016798998399340718,0.001328609388839681,0.0006259127894846651
4762,Lord Hobo,42.368695,-71.094997,106.0,1.0,10.0,0.0016798998399340718,0.00022143489813994686,0.002086375964948884
4768,Lou's Place,42.37062,-71.079303,106.0,10.0,7.0,0.0016798998399340718,0.0022143489813994687,0.0014604631754642186
4788,Luigi's Variety,42.371552,-71.084926,106.0,2.0,9.0,0.0016798998399340718,0.0004428697962798937,0.0018777383684539955
4987,MIT Wong Auditorium,42.360637,-71.084414,106.0,11.0,14.0,0.0016798998399340718,0.002435783879539415,0.0029209263509284373
5190,Ma Magoo's Pizza & Sub Shop,42.388006,-71.142394,106.0,5.0,6.0,0.0016798998399340718,0.0011071744906997344,0.0012518255789693302
5197,Mae Asian Eatery,42.36339,-71.09687,106.0,3.0,1.0,0.0016798998399340718,0.0006643046944198405,0.00020863759649488838
5199,Magazine Beach Bath House & Pool,42.356921,-71.115233,106.0,9.0,2.0,0.0016798998399340718,0.001992914083259522,0.00041727519298977677
5207,Magnolia,42.367449,-71.077102,106.0,3.0,7.0,0.0016798998399340718,0.0006643046944198405,0.0014604631754642186
5209,Maharaja Restaurant,42.391279,-71.123481,106.0,4.0,5.0,0.0016798998399340718,0.0008857395925597874,0.001043187982474442
5217,Malik Academy Al Bustan Preschool,42.360733,-71.114973,106.0,2.0,1.0,0.0016798998399340718,0.0004428697962798937,0.00020863759649488838
5219,Malkin Athletic Center,42.371359,-71.119416,106.0,8.0,6.0,0.0016798998399340718,0.001771479185119575,0.0012518255789693302
5221,Mamaleh's Delicatessen,42.365997,-71.091022,106.0,2.0,3.0,0.0016798998399340718,0.0004428697962798937,0.0006259127894846651
5222,Mambrino Lawrence MD,42.374266,-71.134334,106.0,3.0,1.0,0.0016798998399340718,0.0006643046944198405,0.00020863759649488838
5228,Manray,42.366065,-71.103105,106.0,2.0,3.0,0.0016798998399340718,0.0004428697962798937,0.0006259127894846651
5237,Margolin June Psychothrpst,42.384475,-71.120488,24.0,2.0,5.0,0.00038035468073978985,0.0004428697962798937,0.001043187982474442
5248,Marine Layer,42.373684,-71.120976,106.0,2.0,6.0,0.0016798998399340718,0.0004428697962798937,0.0012518255789693302
5263,Martin Brothers Liquors,42.373016,-71.096528,106.0,3.0,7.0,0.0016798998399340718,0.0006643046944198405,0.0014604631754642186
5264,Martin Luther King Jr,42.370994,-71.104264,106.0,2.0,3.0,0.0016798998399340718,0.0004428697962798937,0.0006259127894846651
5273,Mass Ave Diner,42.368157,-71.108699,94.0,2.0,6.0,0.0014897224995641769,0.0004428697962798937,0.0012518255789693302
5583,Matignon High School,42.401313,-71.131348,106.0,3.0,7.0,0.0016798998399340718,0.0006643046944198405,0.0014604631754642186
5589,Mavis Tires & Brakes,42.399464,-71.132241,64.0,8.0,32.0,0.0010142791486394396,0.001771479185119575,0.006676403087836428
5594,McDonald's,42.364023,-71.100873,25.0,6.0,1.0,0.0003962027924372811,0.001328609388839681,0.00020863759649488838
5595,McDonald's,42.390291,-71.140598,106.0,11.0,25.0,0.0016798998399340718,0.002435783879539415,0.005215939912372209
5600,McManana John C DDS,42.382295,-71.130501,70.0,1.0,2.0,0.001109367818824387,0.00022143489813994686,0.00041727519298977677
5616,Melting Sun,42.360213,-71.085994,106.0,4.0,2.0,0.0016798998399340718,0.0008857395925597874,0.00041727519298977677
5618,Memorial Drive BU Bridge gyratory,42.354518,-71.110103,106.0,6.0,10.0,0.0016798998399340718,0.001328609388839681,0.002086375964948884
5632,Mesomorpheus,42.373425,-71.122552,106.0,9.0,4.0,0.0016798998399340718,0.001992914083259522,0.0008345503859795535
5642,Metropolitan Urological Associates PC,42.374276,-71.134231,106.0,7.0,1.0,0.0016798998399340718,0.001550044286979628,0.00020863759649488838
5643,Mex Taqueria & Bar,42.363169,-71.092664,106.0,4.0,5.0,0.0016798998399340718,0.0008857395925597874,0.001043187982474442
5652,Mickey Barr,42.366695,-71.105346,106.0,10.0,1.0,0.0016798998399340718,0.0022143489813994687,0.00020863759649488838
5653,Micro Center,42.35724,-71.114217,106.0,19.0,23.0,0.0016798998399340718,0.00420726306465899,0.004798664719382432
5657,Middlesex Cambridge,42.36256,-71.098473,106.0,7.0,16.0,0.0016798998399340718,0.001550044286979628,0.003338201543918214
5676,Miller Fern Psychothrpst,42.388204,-71.14259,106.0,5.0,2.0,0.0016798998399340718,0.0011071744906997344,0.00041727519298977677
5679,Mindful Boston,42.372739,-71.119647,106.0,10.0,4.0,0.0016798998399340718,0.0022143489813994687,0.0008345503859795535
5688,Miracle of Science Bar Grill,42.362611,-71.098646,106.0,5.0,1.0,0.0016798998399340718,0.0011071744906997344,0.00020863759649488838
5695,Mitsubishi Electric Research Labs,42.366121,-71.092487,106.0,3.0,11.0,0.0016798998399340718,0.0006643046944198405,0.0022950135614437724
5696,Mittelmeier Cynthia Psycholgst,42.382832,-71.13242,40.0,2.0,4.0,0.0006339244678996498,0.0004428697962798937,0.0008345503859795535
5707,Moeca,42.381851,-71.120121,106.0,3.0,3.0,0.0016798998399340718,0.0006643046944198405,0.0006259127894846651
5708,Moge Tee,42.371918,-71.120552,106.0,3.0,1.0,0.0016798998399340718,0.0006643046944198405,0.00020863759649488838
5709,Moge Tee Cambridge,42.365216,-71.102922,106.0,18.0,20.0,0.0016798998399340718,0.003985828166519044,0.004172751929897768
5727,Moona,42.374155,-71.101091,106.0,1.0,3.0,0.0016798998399340718,0.00022143489813994686,0.0006259127894846651
5734,Morse School Lindstrom Field,42.355207,-71.111187,106.0,8.0,3.0,0.0016798998399340718,0.001771479185119575,0.0006259127894846651
5736,Mother Juice,42.372652,-71.118671,106.0,13.0,9.0,0.0016798998399340718,0.002878653675819309,0.0018777383684539955
5748,Mount Auburn Prevention & Recovery Center,42.374349,-71.13374,106.0,11.0,2.0,0.0016798998399340718,0.002435783879539415,0.00041727519298977677
5751,Moves & Vibes Dance Co,42.371681,-71.082923,50.0,6.0,1.0,0.0007924055848745622,0.001328609388839681,0.00020863759649488838
5758,MrBeast Burger,42.36344,-71.097254,106.0,9.0,9.0,0.0016798998399340718,0.001992914083259522,0.0018777383684539955
5764,Mt Auburn Hospital Physical Therapy,42.390687,-71.152322,106.0,4.0,3.0,0.0016798998399340718,0.0008857395925597874,0.0006259127894846651
5768,Mu Lan,42.366351,-71.094295,106.0,4.0,2.0,0.0016798998399340718,0.0008857395925597874,0.00041727519298977677
5775,Muqueca Restaurant,42.372665,-71.093889,106.0,2.0,2.0,0.0016798998399340718,0.0004428697962798937,0.00041727519298977677
5838,Naco Taco,42.362452,-71.098,106.0,3.0,4.0,0.0016798998399340718,0.0006643046944198405,0.0008345503859795535
5867,New City Microcreamery,42.363667,-71.099984,106.0,5.0,4.0,0.0016798998399340718,0.0011071744906997344,0.0008345503859795535
5886,New Republik,42.373056,-71.096998,4.0,2.0,2.0,6.339244678996498e-05,0.0004428697962798937,0.00041727519298977677
5890,Newbury Comics,42.372756,-71.119855,106.0,25.0,68.0,0.0016798998399340718,0.005535872453498672,0.01418735656165241
5897,Nicholas Athletic Center,42.372661,-71.135912,106.0,6.0,2.0,0.0016798998399340718,0.001328609388839681,0.00041727519298977677
5911,Nine Tastes,42.372004,-71.120343,106.0,1.0,1.0,0.0016798998399340718,0.00022143489813994686,0.00020863759649488838
5913,Nirvana The Taste of India,42.382457,-71.119966,106.0,9.0,2.0,0.0016798998399340718,0.001992914083259522,0.00041727519298977677
5921,Nop Riverfront Office Office Park,42.362238,-71.080303,106.0,8.0,9.0,0.0016798998399340718,0.001771479185119575,0.0018777383684539955
5933,Northwest Cafe,42.380267,-71.115397,106.0,7.0,13.0,0.0016798998399340718,0.001550044286979628,0.002712288754433549
5938,Nubar,42.377187,-71.122917,30.0,1.0,1.0,0.00047544335092473733,0.00022143489813994686,0.00020863759649488838
5957,ONO Pokebar,42.389397,-71.11976,106.0,6.0,7.0,0.0016798998399340718,0.001328609388839681,0.0014604631754642186
5959,ORALE Mexican Grill,42.372614,-71.090856,106.0,2.0,1.0,0.0016798998399340718,0.0004428697962798937,0.00020863759649488838
5970,OggiGourmet,42.372441,-71.118977,106.0,10.0,3.0,0.0016798998399340718,0.0022143489813994687,0.0006259127894846651
5975,Old Navy,42.368128,-71.076213,106.0,13.0,32.0,0.0016798998399340718,0.002878653675819309,0.006676403087836428
5976,Ole,42.374058,-71.10017,106.0,6.0,3.0,0.0016798998399340718,0.001328609388839681,0.0006259127894846651
5978,Oleana Restaurant,42.370543,-71.09718,106.0,2.0,5.0,0.0016798998399340718,0.0004428697962798937,0.001043187982474442
5982,Olympia Fencing Center,42.393713,-71.150772,106.0,25.0,11.0,0.0016798998399340718,0.005535872453498672,0.0022950135614437724
5992,One Broadway,42.362764,-71.083555,106.0,28.0,40.0,0.0016798998399340718,0.006200177147918512,0.008345503859795536
5993,One Cell Systems,42.371724,-71.101542,90.0,4.0,1.0,0.001426330052774212,0.0008857395925597874,0.00020863759649488838
5998,One Memorial Drive Cafe,42.361325,-71.081525,106.0,4.0,4.0,0.0016798998399340718,0.0008857395925597874,0.0008345503859795535
6002,OneZo,42.385946,-71.119619,106.0,10.0,8.0,0.0016798998399340718,0.0022143489813994687,0.001669100771959107
6010,Orangetheory Fitness,42.366125,-71.081942,106.0,4.0,4.0,0.0016798998399340718,0.0008857395925597874,0.0008345503859795535
6015,Orinoco,42.371753,-71.120481,106.0,1.0,2.0,0.0016798998399340718,0.00022143489813994686,0.00041727519298977677
6017,Otto,42.374154,-71.119155,106.0,1.0,9.0,0.0016798998399340718,0.00022143489813994686,0.0018777383684539955
6077,Pacific Street Cafe,42.359985,-71.102192,106.0,7.0,8.0,0.0016798998399340718,0.001550044286979628,0.001669100771959107
6078,Paddy's Lunch,42.38598,-71.131145,45.0,3.0,3.0,0.000713165026387106,0.0006643046944198405,0.0006259127894846651
6081,Pai Kin Kao,42.364133,-71.107484,106.0,8.0,5.0,0.0016798998399340718,0.001771479185119575,0.001043187982474442
6086,Pammy's,42.368421,-71.109209,106.0,2.0,5.0,0.0016798998399340718,0.0004428697962798937,0.001043187982474442
6087,Panda Express,42.368495,-71.076606,106.0,3.0,5.0,0.0016798998399340718,0.0006643046944198405,0.001043187982474442
6091,Panera Bread,42.389367,-71.119461,16.0,2.0,2.0,0.0002535697871598599,0.0004428697962798937,0.00041727519298977677
6095,Paperback Tavern,42.353719,-71.105447,106.0,13.0,5.0,0.0016798998399340718,0.002878653675819309,0.001043187982474442
6099,Pardon My Cheesesteak,42.363412,-71.097266,106.0,7.0,8.0,0.0016798998399340718,0.001550044286979628,0.001669100771959107
6101,Paris Baguette,42.364979,-71.102604,106.0,4.0,3.0,0.0016798998399340718,0.0008857395925597874,0.0006259127894846651
6109,Passage to India,42.370763,-71.075281,29.0,5.0,1.0,0.00045959523922724607,0.0011071744906997344,0.00020863759649488838
6111,Patagonia,42.373779,-71.121021,106.0,5.0,15.0,0.0016798998399340718,0.0011071744906997344,0.0031295639474233257
6126,Peabody,42.392275,-71.128074,106.0,4.0,2.0,0.0016798998399340718,0.0008857395925597874,0.00041727519298977677
6134,Peet's Coffee and Tea,42.372631,-71.120697,5.0,2.0,1.0,7.924055848745623e-05,0.0004428697962798937,0.00020863759649488838
6137,Pemberton Farms,42.393828,-71.125675,106.0,7.0,29.0,0.0016798998399340718,0.001550044286979628,0.006050490298351763
6145,Pentose Pharmaceuticals,42.391266,-71.148366,106.0,7.0,4.0,0.0016798998399340718,0.001550044286979628,0.0008345503859795535
6148,Pepita Coffee,42.367815,-71.097951,15.0,1.0,2.0,0.00023772167546236866,0.00022143489813994686,0.00041727519298977677
6169,Phillips Alfred J DPM,42.374723,-71.104304,106.0,8.0,5.0,0.0016798998399340718,0.001771479185119575,0.001043187982474442
6172,Phoenix Landing,42.364027,-71.101967,106.0,1.0,2.0,0.0016798998399340718,0.00022143489813994686,0.00041727519298977677
6193,Pinocchios Pizza & Subs,42.371963,-71.120281,106.0,2.0,3.0,0.0016798998399340718,0.0004428697962798937,0.0006259127894846651
6194,Pioneer Property Group,42.395699,-71.131169,80.0,1.0,6.0,0.0012678489357992996,0.00022143489813994686,0.0012518255789693302
6195,Pita Cambridge,42.374049,-71.100609,103.0,4.0,4.0,0.001632355504841598,0.0008857395925597874,0.0008345503859795535
6201,Planet Fitness,42.387421,-71.118937,106.0,25.0,15.0,0.0016798998399340718,0.005535872453498672,0.0031295639474233257
6202,Planet Records,42.373857,-71.124783,70.0,1.0,13.0,0.001109367818824387,0.00022143489813994686,0.002712288754433549
6213,Poke City,42.383958,-71.119827,106.0,4.0,3.0,0.0016798998399340718,0.0008857395925597874,0.0006259127894846651
6214,Poke Works,42.374306,-71.119126,106.0,1.0,2.0,0.0016798998399340718,0.00022143489813994686,0.00041727519298977677
6225,Porto Harvard Square,42.371957,-71.122949,106.0,7.0,5.0,0.0016798998399340718,0.001550044286979628,0.001043187982474442
6231,PowerHouse Kickboxing and Fitness,42.392097,-71.153228,106.0,1.0,1.0,0.0016798998399340718,0.00022143489813994686,0.00020863759649488838
6245,Pretzel Time,42.368233,-71.076515,106.0,4.0,3.0,0.0016798998399340718,0.0008857395925597874,0.0006259127894846651
6253,Primo Pizza & Roast Beef,42.363395,-71.096884,94.0,2.0,1.0,0.0014897224995641769,0.0004428697962798937,0.00020863759649488838
6279,Punjabi Dhaba,42.373889,-71.100811,63.0,3.0,7.0,0.0009984310369419483,0.0006643046944198405,0.0014604631754642186
6280,Pure Barre,42.373029,-71.122372,106.0,5.0,2.0,0.0016798998399340718,0.0011071744906997344,0.00041727519298977677
6285,Putnam Avenue Upper School,42.369516,-71.08718,106.0,1.0,4.0,0.0016798998399340718,0.00022143489813994686,0.0008345503859795535
6288,Q Audio,42.36385,-71.101686,106.0,1.0,9.0,0.0016798998399340718,0.00022143489813994686,0.0018777383684539955
6289,Q Ballroom,42.387836,-71.140552,106.0,3.0,5.0,0.0016798998399340718,0.0006643046944198405,0.001043187982474442
6292,Qing Dao Garden,42.396802,-71.129916,74.0,1.0,4.0,0.001172760265614352,0.00022143489813994686,0.0008345503859795535
6294,Quadrangle Recreational Athletic Center,42.381353,-71.126909,36.0,8.0,6.0,0.0005705320211096848,0.001771479185119575,0.0012518255789693302
6298,Quinn Dana Licensed,42.383469,-71.1242,106.0,9.0,6.0,0.0016798998399340718,0.001992914083259522,0.0012518255789693302
6340,RJ Realty Management,42.368602,-71.094216,40.0,1.0,8.0,0.0006339244678996498,0.00022143489813994686,0.001669100771959107
6380,Radcliffe Quadrangle,42.38189,-71.124615,106.0,5.0,8.0,0.0016798998399340718,0.0011071744906997344,0.001669100771959107
6381,Radcliffe Yard,42.375392,-71.12457,20.0,5.0,7.0,0.0003169622339498249,0.0011071744906997344,0.0014604631754642186
6403,Real Property Management Commonwealth,42.363577,-71.078927,106.0,6.0,6.0,0.0016798998399340718,0.001328609388839681,0.0012518255789693302
6409,Rebel Presents Pop 101,42.363799,-71.102294,106.0,4.0,1.0,0.0016798998399340718,0.0008857395925597874,0.00020863759649488838
6447,Restorative Yoga with Bo Forbes,42.388881,-71.118903,106.0,10.0,2.0,0.0016798998399340718,0.0022143489813994687,0.00041727519298977677
6454,Revival Cafe & Kitchen,42.395104,-71.145732,106.0,21.0,11.0,0.0016798998399340718,0.004650132860938884,0.0022950135614437724
6459,Rhonda Kelner,42.366689,-71.104143,2.0,6.0,3.0,3.169622339498249e-05,0.001328609388839681,0.0006259127894846651
6464,Richard A And Susan F Smith Campus Center,42.372678,-71.118648,106.0,5.0,7.0,0.0016798998399340718,0.0011071744906997344,0.0014604631754642186
6472,Rieder Carolyn A Psycholgst,42.37251,-71.121447,106.0,3.0,1.0,0.0016798998399340718,0.0006643046944198405,0.00020863759649488838
6476,Rindge Avenue Upper School,42.39238,-71.128111,106.0,6.0,4.0,0.0016798998399340718,0.001328609388839681,0.0008345503859795535
6477,Rindge Field,42.39121,-71.128521,106.0,2.0,6.0,0.0016798998399340718,0.0004428697962798937,0.0012518255789693302
6486,Riverside Pizza & Seafoods,42.362479,-71.113329,106.0,4.0,6.0,0.0016798998399340718,0.0008857395925597874,0.0012518255789693302
6501,Roche Brothers Supermarket,42.362804,-71.083548,106.0,21.0,31.0,0.0016798998399340718,0.004650132860938884,0.00646776549134154
6514,Romes Fitness,42.366543,-71.079098,106.0,5.0,2.0,0.0016798998399340718,0.0011071744906997344,0.00041727519298977677
6519,Rosen Wendy Psychothrpst,42.361696,-71.105704,15.0,2.0,3.0,0.00023772167546236866,0.0004428697962798937,0.0006259127894846651
6530,Roust Cambridge,42.37399,-71.125086,106.0,4.0,3.0,0.0016798998399340718,0.0008857395925597874,0.0006259127894846651
6532,Row 34 Cambridge,42.362309,-71.086749,106.0,1.0,1.0,0.0016798998399340718,0.00022143489813994686,0.00020863759649488838
6535,Roxy's Grilled Cheese,42.361999,-71.098471,106.0,1.0,6.0,0.0016798998399340718,0.00022143489813994686,0.0012518255789693302
6539,Royal Punjab,42.371232,-71.080153,106.0,5.0,1.0,0.0016798998399340718,0.0011071744906997344,0.00020863759649488838
6541,Rubenstein Sidney C MD,42.374225,-71.134319,106.0,1.0,2.0,0.0016798998399340718,0.00022143489813994686,0.00041727519298977677
6545,Rumba Y Timbal Dance Company,42.366757,-71.104246,1.0,3.0,3.0,1.5848111697491244e-05,0.0006643046944198405,0.0006259127894846651
6548,Russell Field,42.396585,-71.138062,106.0,19.0,11.0,0.0016798998399340718,0.00420726306465899,0.0022950135614437724
6549,Russell House Tavern,42.373092,-71.119396,106.0,1.0,1.0,0.0016798998399340718,0.00022143489813994686,0.00020863759649488838
6552,Ruymann Frederick W MD,42.374253,-71.134349,106.0,2.0,1.0,0.0016798998399340718,0.0004428697962798937,0.00020863759649488838
6556,S H Construction,42.387879,-71.140434,106.0,3.0,9.0,0.0016798998399340718,0.0006643046944198405,0.0018777383684539955
6625,SOFRA Bakery & Cafe,42.374917,-71.150379,106.0,11.0,1.0,0.0016798998399340718,0.002435783879539415,0.00020863759649488838
6697,Sacramento Field,42.383018,-71.117995,106.0,9.0,5.0,0.0016798998399340718,0.001992914083259522,0.001043187982474442
6702,Sage Hotel Corporation,42.358603,-71.114956,106.0,2.0,7.0,0.0016798998399340718,0.0004428697962798937,0.0014604631754642186
6704,Sahaj Kaur,42.366662,-71.105344,106.0,2.0,5.0,0.0016798998399340718,0.0004428697962798937,0.001043187982474442
6710,Sally's Sandwiches,42.372645,-71.118672,106.0,2.0,3.0,0.0016798998399340718,0.0004428697962798937,0.0006259127894846651
6717,Saloniki Greek,42.361098,-71.095823,106.0,3.0,8.0,0.0016798998399340718,0.0006643046944198405,0.001669100771959107
6754,Sapporo Ramen,42.387347,-71.118435,106.0,3.0,4.0,0.0016798998399340718,0.0006643046944198405,0.0008345503859795535
6755,Sapporo Ramen at H Mart,42.365032,-71.102756,106.0,8.0,4.0,0.0016798998399340718,0.001771479185119575,0.0008345503859795535
6760,Sarku Japan,42.368293,-71.076449,106.0,1.0,1.0,0.0016798998399340718,0.00022143489813994686,0.00020863759649488838
6762,Sate Grill on Wheels,42.361317,-71.085981,106.0,1.0,4.0,0.0016798998399340718,0.00022143489813994686,0.0008345503859795535
6763,Sate Grill on Wheels,42.369781,-71.077367,106.0,4.0,1.0,0.0016798998399340718,0.0008857395925597874,0.00020863759649488838
6771,Scalable Display Technology,42.365903,-71.105144,106.0,5.0,16.0,0.0016798998399340718,0.0011071744906997344,0.003338201543918214
6776,Schiffman L Robt,42.374411,-71.133491,106.0,12.0,2.0,0.0016798998399340718,0.002657218777679362,0.00041727519298977677
6786,Season To Go,42.39835,-71.131022,106.0,5.0,3.0,0.0016798998399340718,0.0011071744906997344,0.0006259127894846651
6787,Season to Taste,42.382424,-71.120041,106.0,6.0,5.0,0.0016798998399340718,0.001328609388839681,0.001043187982474442
6817,Seyyide Belly Dance,42.371696,-71.114284,106.0,14.0,7.0,0.0016798998399340718,0.003100088573959256,0.0014604631754642186
6831,Shanghai Fresh,42.366518,-71.104991,106.0,1.0,1.0,0.0016798998399340718,0.00022143489813994686,0.00020863759649488838
6842,Sheger Cafe,42.396695,-71.129781,106.0,15.0,2.0,0.0016798998399340718,0.003321523472099203,0.00041727519298977677
6852,Shepen Bernard D Phys,42.37396,-71.133456,106.0,20.0,3.0,0.0016798998399340718,0.0044286979627989375,0.0006259127894846651
6863,Shine Square Pub,42.39081,-71.122621,106.0,5.0,3.0,0.0016798998399340718,0.0011071744906997344,0.0006259127894846651
6868,Shy Bird,42.362666,-71.083994,106.0,1.0,1.0,0.0016798998399340718,0.00022143489813994686,0.00020863759649488838
6873,Silk Road Uyghur Cuisine,42.372122,-71.087128,106.0,4.0,1.0,0.0016798998399340718,0.0008857395925597874,0.00020863759649488838
6879,Simon's Coffee Shop,42.384488,-71.11983,106.0,7.0,7.0,0.0016798998399340718,0.001550044286979628,0.0014604631754642186
6881,Simoni Skating Rink,42.372825,-71.084296,106.0,38.0,11.0,0.0016798998399340718,0.00841452612931798,0.0022950135614437724
6885,Sincere Construction,42.392925,-71.147361,61.0,4.0,4.0,0.0009667348135469659,0.0008857395925597874,0.0008345503859795535
6887,Singh's Dhaba,42.369631,-71.111177,106.0,5.0,6.0,0.0016798998399340718,0.0011071744906997344,0.0012518255789693302
6890,Skate Canal District Kendall,42.364391,-71.08135,106.0,2.0,3.0,0.0016798998399340718,0.0004428697962798937,0.0006259127894846651
6894,Skip Viglirolo Ice Rink,42.382888,-71.131551,4.0,7.0,3.0,6.339244678996498e-05,0.001550044286979628,0.0006259127894846651
6896,SleekFix,42.364213,-71.10115,106.0,1.0,19.0,0.0016798998399340718,0.00022143489813994686,0.0039641143334028794
6913,Society for Critical Aesthetics,42.374585,-71.113272,106.0,6.0,13.0,0.0016798998399340718,0.001328609388839681,0.002712288754433549
6931,Souper Roll Up Cafe,42.372072,-71.088896,106.0,2.0,8.0,0.0016798998399340718,0.0004428697962798937,0.001669100771959107
6932,Source Restaurant,42.374514,-71.120015,106.0,3.0,1.0,0.0016798998399340718,0.0006643046944198405,0.00020863759649488838
6934,Southpaw Residential Property Management,42.395678,-71.13116,80.0,7.0,4.0,0.0012678489357992996,0.001550044286979628,0.0008345503859795535
6941,Spaulding National Running Center,42.375709,-71.107464,106.0,13.0,6.0,0.0016798998399340718,0.002878653675819309,0.0012518255789693302
6977,St Pauls Choir School,42.371212,-71.115729,106.0,1.0,2.0,0.0016798998399340718,0.00022143489813994686,0.00041727519298977677
6980,St Peters Field,42.386647,-71.132342,106.0,10.0,15.0,0.0016798998399340718,0.0022143489813994687,0.0031295639474233257
6981,Stack Carolyn Psy D,42.37375,-71.123388,87.0,2.0,2.0,0.0013787857176817383,0.0004428697962798937,0.00041727519298977677
6992,Star Market,42.375297,-71.148963,106.0,27.0,42.0,0.0016798998399340718,0.0059787422497785654,0.008762779052785313
6993,Star Market,42.390043,-71.118227,106.0,34.0,57.0,0.0016798998399340718,0.007528786536758193,0.011892343000208638
7004,Starbucks,42.372144,-71.071427,106.0,8.0,4.0,0.0016798998399340718,0.001771479185119575,0.0008345503859795535
7005,Starbucks,42.373291,-71.119729,106.0,2.0,4.0,0.0016798998399340718,0.0004428697962798937,0.0008345503859795535
7007,Starbucks,42.373855,-71.112969,13.0,6.0,8.0,0.00020602545206738616,0.001328609388839681,0.001669100771959107
7008,Starbucks,42.375409,-71.149118,106.0,37.0,22.0,0.0016798998399340718,0.008193091231178033,0.004590027122887545
7009,Starbucks,42.38193,-71.119937,1.0,6.0,3.0,1.5848111697491244e-05,0.001328609388839681,0.0006259127894846651
7010,Starbucks,42.38882,-71.14233,106.0,11.0,13.0,0.0016798998399340718,0.002435783879539415,0.002712288754433549
7014,State Park,42.36615,-71.090746,106.0,4.0,3.0,0.0016798998399340718,0.0008857395925597874,0.0006259127894846651
7020,Steinberg Jeffrey MD,42.374508,-71.104192,106.0,5.0,5.0,0.0016798998399340718,0.0011071744906997344,0.001043187982474442
7034,Still Water Yoga Cambridge,42.37496,-71.150975,55.0,3.0,2.0,0.0008716461433620184,0.0006643046944198405,0.00041727519298977677
7035,Stoked Pizza Company Cambridge,42.380164,-71.119632,106.0,7.0,4.0,0.0016798998399340718,0.001550044286979628,0.0008345503859795535
7042,Structural Integration with Ali Mischke,42.398381,-71.131949,106.0,4.0,2.0,0.0016798998399340718,0.0008857395925597874,0.00041727519298977677
7048,Sub Zero Ice Cream & Yogurt,42.360735,-71.115368,106.0,9.0,6.0,0.0016798998399340718,0.001992914083259522,0.0012518255789693302
7050,Subway,42.36498,-71.104203,106.0,4.0,20.0,0.0016798998399340718,0.0008857395925597874,0.004172751929897768
7061,Sumiao Hunan Kitchen,42.366026,-71.081972,106.0,1.0,7.0,0.0016798998399340718,0.00022143489813994686,0.0014604631754642186
7064,Summer Shack Cambridge,42.393743,-71.141012,106.0,22.0,6.0,0.0016798998399340718,0.00487156775907883,0.0012518255789693302
7072,Sunset Cafe,42.367585,-71.10199,106.0,2.0,5.0,0.0016798998399340718,0.0004428697962798937,0.001043187982474442
7078,Superdry,42.367864,-71.075735,106.0,3.0,7.0,0.0016798998399340718,0.0006643046944198405,0.0014604631754642186
7089,Sushi Gourmet,42.360984,-71.113946,106.0,18.0,21.0,0.0016798998399340718,0.003985828166519044,0.004381389526392656
7090,Sushi Gourmet,42.368109,-71.102391,106.0,14.0,15.0,0.0016798998399340718,0.003100088573959256,0.0031295639474233257
7100,Sweet Touch Cafe,42.371195,-71.079971,106.0,4.0,2.0,0.0016798998399340718,0.0008857395925597874,0.00041727519298977677
7119,T.J. Maxx,42.367707,-71.077193,106.0,3.0,6.0,0.0016798998399340718,0.0006643046944198405,0.0012518255789693302
7120,T.J. Maxx,42.3897,-71.140822,106.0,14.0,24.0,0.0016798998399340718,0.003100088573959256,0.005007302315877321
7168,Taco Bell,42.368307,-71.076501,106.0,2.0,1.0,0.0016798998399340718,0.0004428697962798937,0.00020863759649488838
7171,Taiyaki NYC x The Dough Club Cambridge,42.374293,-71.119288,106.0,12.0,5.0,0.0016798998399340718,0.002657218777679362,0.001043187982474442
7182,Tampopo,42.387345,-71.118497,106.0,4.0,3.0,0.0016798998399340718,0.0008857395925597874,0.0006259127894846651
7183,Tanjore,42.367674,-71.1079,1.0,2.0,6.0,1.5848111697491244e-05,0.0004428697962798937,0.0012518255789693302
7189,Taqueria,42.389218,-71.141312,16.0,5.0,9.0,0.0002535697871598599,0.0011071744906997344,0.0018777383684539955
7193,Tasty Burger,42.366066,-71.103615,106.0,3.0,12.0,0.0016798998399340718,0.0006643046944198405,0.0025036511579386604
7194,Tasty Burger,42.372637,-71.119953,106.0,2.0,2.0,0.0016798998399340718,0.0004428697962798937,0.00041727519298977677
7196,Tatte Bakery,42.362212,-71.081401,106.0,9.0,6.0,0.0016798998399340718,0.001992914083259522,0.0012518255789693302
7198,Tatte Bakery,42.37241,-71.0751,35.0,2.0,1.0,0.0005546839094121935,0.0004428697962798937,0.00020863759649488838
7199,Tatte Bakery,42.372708,-71.116945,106.0,3.0,2.0,0.0016798998399340718,0.0006643046944198405,0.00041727519298977677
7208,Tea Do Central Sq,42.363852,-71.100445,106.0,3.0,2.0,0.0016798998399340718,0.0006643046944198405,0.00041727519298977677
7213,TechFusion,42.394085,-71.15794,56.0,23.0,8.0,0.0008874942550595097,0.005093002657218778,0.001669100771959107
7229,Tenoch Mexican,42.370335,-71.071236,106.0,20.0,3.0,0.0016798998399340718,0.0044286979627989375,0.0006259127894846651
7241,Thayer & Associates,42.386771,-71.119446,106.0,6.0,8.0,0.0016798998399340718,0.001328609388839681,0.001669100771959107
7248,The Amaral Group,42.39712,-71.130299,106.0,2.0,18.0,0.0016798998399340718,0.0004428697962798937,0.003755476736907991
7257,The Boathouse,42.371436,-71.116713,106.0,3.0,1.0,0.0016798998399340718,0.0006643046944198405,0.00020863759649488838
7261,The Boston Lamb Takedown,42.363634,-71.101486,106.0,8.0,5.0,0.0016798998399340718,0.001771479185119575,0.001043187982474442
7267,The Brothers Market,42.371307,-71.083079,97.0,2.0,1.0,0.0015372668346566507,0.0004428697962798937,0.00020863759649488838
7269,The Cambridge Queen's Head,42.375955,-71.115275,106.0,8.0,2.0,0.0016798998399340718,0.001771479185119575,0.00041727519298977677
7276,The Cheesecake Factory,42.367183,-71.076197,106.0,1.0,4.0,0.0016798998399340718,0.00022143489813994686,0.0008345503859795535
7282,The Coast Cafe,42.363097,-71.111596,106.0,7.0,5.0,0.0016798998399340718,0.001550044286979628,0.001043187982474442
7285,The Dance Complex,42.364228,-71.1023,106.0,8.0,5.0,0.0016798998399340718,0.001771479185119575,0.001043187982474442
7286,The Democracy Center,42.371292,-71.116337,106.0,4.0,10.0,0.0016798998399340718,0.0008857395925597874,0.002086375964948884
7288,The Dial at 907 Main,42.363544,-71.09965,106.0,7.0,1.0,0.0016798998399340718,0.001550044286979628,0.00020863759649488838
7291,The Druid,42.373813,-71.100153,106.0,4.0,3.0,0.0016798998399340718,0.0008857395925597874,0.0006259127894846651
7300,The Friendly Toast,42.372227,-71.115883,106.0,1.0,3.0,0.0016798998399340718,0.00022143489813994686,0.0006259127894846651
7312,The Halal Guys,42.389538,-71.11921,106.0,7.0,1.0,0.0016798998399340718,0.001550044286979628,0.00020863759649488838
7313,The Handle Bar Indoor Cycling Studio,42.369484,-71.112153,4.0,3.0,6.0,6.339244678996498e-05,0.0006643046944198405,0.0012518255789693302
7314,The Harvard Bridge,42.364752,-71.102193,106.0,2.0,4.0,0.0016798998399340718,0.0004428697962798937,0.0008345503859795535
7322,The Henry Buckner School,42.365634,-71.101632,106.0,3.0,6.0,0.0016798998399340718,0.0006643046944198405,0.0012518255789693302
7331,The Lexington,42.372033,-71.075775,106.0,4.0,2.0,0.0016798998399340718,0.0008857395925597874,0.00041727519298977677
7337,The Little Crepe Cafe,42.383127,-71.116045,106.0,5.0,1.0,0.0016798998399340718,0.0011071744906997344,0.00020863759649488838
7340,The Longfellow Bar,42.373636,-71.121396,4.0,2.0,1.0,6.339244678996498e-05,0.0004428697962798937,0.00020863759649488838
7346,The Maharaja,42.37209,-71.120916,106.0,1.0,1.0,0.0016798998399340718,0.00022143489813994686,0.00020863759649488838
7348,The Middle East,42.363591,-71.101554,5.0,2.0,1.0,7.924055848745623e-05,0.0004428697962798937,0.00020863759649488838
7353,The Muddy Charles Pub at MIT,42.359176,-71.088217,106.0,4.0,6.0,0.0016798998399340718,0.0008857395925597874,0.0012518255789693302
7358,The Nu Do' Society,42.364033,-71.108712,103.0,1.0,2.0,0.001632355504841598,0.00022143489813994686,0.00041727519298977677
7362,The Plough & Stars,42.368211,-71.108844,106.0,3.0,6.0,0.0016798998399340718,0.0006643046944198405,0.0012518255789693302
7374,The Sinclair,42.374007,-71.120656,106.0,5.0,1.0,0.0016798998399340718,0.0011071744906997344,0.00020863759649488838
7375,The Smoke Shop BBQ Kendall Square,42.366301,-71.091527,106.0,3.0,2.0,0.0016798998399340718,0.0006643046944198405,0.00041727519298977677
7382,The Super,42.371419,-71.098356,1.0,8.0,6.0,1.5848111697491244e-05,0.001771479185119575,0.0012518255789693302
7391,The Upper Crust Pizzeria,42.385859,-71.119611,56.0,6.0,4.0,0.0008874942550595097,0.001328609388839681,0.0008345503859795535
7402,Thistle & Shamrock,42.38899,-71.124757,106.0,6.0,25.0,0.0016798998399340718,0.001328609388839681,0.005215939912372209
7421,Tiger Sugar,42.37316,-71.119994,106.0,2.0,2.0,0.0016798998399340718,0.0004428697962798937,0.00041727519298977677
7428,Toad,42.388985,-71.119948,106.0,1.0,2.0,0.0016798998399340718,0.00022143489813994686,0.00041727519298977677
7443,TopMac,42.370887,-71.080891,106.0,3.0,4.0,0.0016798998399340718,0.0006643046944198405,0.0008345503859795535
7447,Toscanini's Ice Cream,42.363592,-71.099497,106.0,4.0,4.0,0.0016798998399340718,0.0008857395925597874,0.0008345503859795535
7448,Toscanini's Ice Cream,42.366118,-71.078269,106.0,5.0,2.0,0.0016798998399340718,0.0011071744906997344,0.00041727519298977677
7449,Toscano,42.374203,-71.122099,106.0,1.0,2.0,0.0016798998399340718,0.00022143489813994686,0.00041727519298977677
7453,Trader Joe's,42.358316,-71.114231,106.0,9.0,41.0,0.0016798998399340718,0.001992914083259522,0.008554141456290423
7454,Trader Joe's,42.389915,-71.143713,42.0,13.0,24.0,0.0006656206912946322,0.002878653675819309,0.005007302315877321
7460,Trattoria Pulcinella,42.382759,-71.130809,51.0,2.0,1.0,0.0008082536965720534,0.0004428697962798937,0.00020863759649488838
7467,Trinity Property Management,42.374259,-71.120575,106.0,44.0,65.0,0.0016798998399340718,0.00974313551815766,0.013561443772167744
7473,Tsaparlis Nicholas M MD,42.374491,-71.104175,106.0,3.0,7.0,0.0016798998399340718,0.0006643046944198405,0.0014604631754642186
7481,Turnstyle Kendall Square,42.365975,-71.090964,106.0,3.0,4.0,0.0016798998399340718,0.0006643046944198405,0.0008345503859795535
7536,Ullian B Robt MD,42.37444,-71.133515,106.0,5.0,3.0,0.0016798998399340718,0.0011071744906997344,0.0006259127894846651
7540,Umami Omakase,42.396725,-71.129765,106.0,11.0,2.0,0.0016798998399340718,0.002435783879539415,0.00041727519298977677
7544,Ung Feodor MD,42.374499,-71.104161,106.0,8.0,4.0,0.0016798998399340718,0.001771479185119575,0.0008345503859795535
7577,Uproot Events,42.395381,-71.147399,106.0,15.0,4.0,0.0016798998399340718,0.003321523472099203,0.0008345503859795535
7580,Urban Hearth,42.394521,-71.126669,79.0,2.0,2.0,0.0012520008241018084,0.0004428697962798937,0.00041727519298977677
7594,VIM Fitness,42.362525,-71.099602,106.0,10.0,9.0,0.0016798998399340718,0.0022143489813994687,0.0018777383684539955
7595,VIM Fitness,42.364986,-71.102566,106.0,6.0,3.0,0.0016798998399340718,0.001328609388839681,0.0006259127894846651
7609,Varga Golovcsenko Steven MD,42.367927,-71.107399,79.0,5.0,3.0,0.0012520008241018084,0.0011071744906997344,0.0006259127894846651
7613,Vegan Bowls For All,42.372053,-71.120749,106.0,2.0,3.0,0.0016798998399340718,0.0004428697962798937,0.0006259127894846651
7615,Veggie Galaxy,42.363651,-71.101142,106.0,3.0,2.0,0.0016798998399340718,0.0006643046944198405,0.00041727519298977677
7616,Veggie Grill,42.372002,-71.120836,106.0,3.0,6.0,0.0016798998399340718,0.0006643046944198405,0.0012518255789693302
7627,Vester,42.363164,-71.088442,106.0,8.0,1.0,0.0016798998399340718,0.001771479185119575,0.00020863759649488838
7631,Victoria Goodman Santana Properties Team,42.36912,-71.109902,106.0,9.0,18.0,0.0016798998399340718,0.001992914083259522,0.003755476736907991
7635,Village Fitness,42.381332,-71.13843,17.0,9.0,4.0,0.00026941789885735117,0.001992914083259522,0.0008345503859795535
7637,Vincent's,42.367673,-71.091185,106.0,2.0,1.0,0.0016798998399340718,0.0004428697962798937,0.00020863759649488838
7641,Violette Gluten Free Bakery,42.38598,-71.119624,106.0,6.0,3.0,0.0016798998399340718,0.001328609388839681,0.0006259127894846651
7648,Vitality Bowls,42.363878,-71.100422,106.0,5.0,3.0,0.0016798998399340718,0.0011071744906997344,0.0006259127894846651
7688,Wakuwaku Ramen & Sake,42.373536,-71.120907,106.0,4.0,2.0,0.0016798998399340718,0.0008857395925597874,0.00041727519298977677
7692,Walden Square Community Association,42.389148,-71.129559,27.0,1.0,9.0,0.0004278990158322636,0.00022143489813994686,0.0018777383684539955
7700,Wallace Murray,42.374539,-71.120173,106.0,3.0,20.0,0.0016798998399340718,0.0006643046944198405,0.004172751929897768
7706,Wasabi at Porter,42.391257,-71.123477,106.0,1.0,2.0,0.0016798998399340718,0.00022143489813994686,0.00041727519298977677
7716,Waypoint,42.369431,-71.1121,1.0,3.0,4.0,1.5848111697491244e-05,0.0006643046944198405,0.0008345503859795535
7735,Wellmet Project,42.365907,-71.103967,106.0,9.0,24.0,0.0016798998399340718,0.001992914083259522,0.005007302315877321
7748,Western Market,42.364642,-71.113178,90.0,4.0,18.0,0.001426330052774212,0.0008857395925597874,0.003755476736907991
7772,Whole Foods Market,42.360963,-71.11393,106.0,9.0,32.0,0.0016798998399340718,0.001992914083259522,0.006676403087836428
7773,Whole Foods Market,42.367987,-71.102185,106.0,4.0,27.0,0.0016798998399340718,0.0008857395925597874,0.005633215105361986
7774,Whole Foods Market,42.389127,-71.141403,106.0,16.0,88.0,0.0016798998399340718,0.00354295837023915,0.01836010849155018
7779,Wholesome Fresh,42.373893,-71.121129,106.0,17.0,39.0,0.0016798998399340718,0.0037643932683790967,0.008136866263300646
7786,William James Hall,42.377191,-71.113394,106.0,10.0,3.0,0.0016798998399340718,0.0022143489813994687,0.0006259127894846651
7795,Windsor Realty,42.390226,-71.12153,106.0,3.0,4.0,0.0016798998399340718,0.0006643046944198405,0.0008345503859795535
7798,Winthrop Grille,42.370282,-71.118519,106.0,4.0,5.0,0.0016798998399340718,0.0008857395925597874,0.001043187982474442
7821,Wrapro Falafel & Grill,42.382066,-71.119991,69.0,3.0,2.0,0.001093519707126896,0.0006643046944198405,0.00041727519298977677
7835,Xo Communications Operations,42.369378,-71.087663,106.0,1.0,8.0,0.0016798998399340718,0.00022143489813994686,0.001669100771959107
7852,YWCA,42.366722,-71.104175,2.0,5.0,2.0,3.169622339498249e-05,0.0011071744906997344,0.00041727519298977677
7858,Yoga of Energy Flow,42.358215,-71.109896,106.0,9.0,8.0,0.0016798998399340718,0.001992914083259522,0.001669100771959107
7862,Yotopia,42.387287,-71.118641,106.0,13.0,3.0,0.0016798998399340718,0.002878653675819309,0.0006259127894846651
7865,Your Center Pilates Based Exercise,42.370083,-71.102333,53.0,3.0,2.0,0.0008399499199670359,0.0006643046944198405,0.00041727519298977677
7871,Yume Ga Arukara,42.387293,-71.118414,106.0,5.0,2.0,0.0016798998399340718,0.0011071744906997344,0.00041727519298977677
7872,Yume Wo Katare,42.389396,-71.119649,106.0,3.0,1.0,0.0016798998399340718,0.0006643046944198405,0.00020863759649488838
7873,Yummy Thai,42.394486,-71.126632,106.0,11.0,9.0,0.0016798998399340718,0.002435783879539415,0.0018777383684539955
7878,ZAGG,42.367982,-71.076182,106.0,5.0,7.0,0.0016798998399340718,0.0011071744906997344,0.0014604631754642186
7887,Za,42.363653,-71.083284,106.0,6.0,1.0,0.0016798998399340718,0.001328609388839681,0.00020863759649488838
7896,Zinneken's Belgian Waffles Harvard Square,42.371169,-71.114539,106.0,6.0,12.0,0.0016798998399340718,0.001328609388839681,0.0025036511579386604
7899,Zoe Acai Bar & Juicery,42.388254,-71.119623,106.0,4.0,2.0,0.0016798998399340718,0.0008857395925597874,0.00041727519298977677
7901,Zoe's,42.370759,-71.113401,106.0,5.0,4.0,0.0016798998399340718,0.0011071744906997344,0.0008345503859795535
7904,ZuZu,42.363678,-71.101427,106.0,2.0,3.0,0.0016798998399340718,0.0004428697962798937,0.0006259127894846651
7911,iD Programming Academy MIT,42.36473,-71.1022,106.0,8.0,3.0,0.0016798998399340718,0.001771479185119575,0.0006259127894846651
7913,iFixOnWheelz com,42.371442,-71.082006,98.0,2.0,6.0,0.001553114946354142,0.0004428697962798937,0.0012518255789693302
7919,uBreakiFix,42.368684,-71.10981,72.0,2.0,10.0,0.0011410640422193695,0.0004428697962798937,0.002086375964948884
